п»ҝDROP DATABASE IF EXISTS edu_data;
CREATE DATABASE edu_data CHARACTER SET utf8mb4 COLLATE utf8mb4_general_ci;
USE edu_data;

SET FOREIGN_KEY_CHECKS = 0;

-- ---------------------------------------------------------
-- зі»з»ҹз»ҹдёҖиҙҰеҸ·дёҺжқғйҷҗжЁЎеқ—
-- ---------------------------------------------------------

-- 1. зі»з»ҹи§’иүІиЎЁ (Permissions/Roles)
DROP TABLE IF EXISTS `sys_roles`;
CREATE TABLE `sys_roles` (
    `id` INT AUTO_INCREMENT PRIMARY KEY COMMENT 'и§’иүІе”ҜдёҖID',
    `role_name` VARCHAR(50) NOT NULL COMMENT 'и§’иүІеҗҚз§° (еҰӮ: е®¶й•ҝ, еҗҺеҸ°з®ЎзҗҶ, и¶…зә§з®ЎзҗҶе‘ҳ)',
    `role_code` VARCHAR(50) NOT NULL UNIQUE COMMENT 'и§’иүІж ҮиҜҶз¬Ұ (еҰӮ: parent, admin, super_admin)',
    `description` VARCHAR(255) COMMENT 'и§’иүІжҸҸиҝ°',
    `status` TINYINT DEFAULT 1 COMMENT 'зҠ¶жҖҒ: 1-еҗҜз”Ё, 0-зҰҒз”Ё',
    `create_time` DATETIME DEFAULT CURRENT_TIMESTAMP COMMENT 'еҲӣе»әж—¶й—ҙ',
    `update_time` DATETIME DEFAULT CURRENT_TIMESTAMP ON UPDATE CURRENT_TIMESTAMP COMMENT 'жӣҙж–°ж—¶й—ҙ'
) ENGINE=InnoDB COMMENT='зі»з»ҹи§’иүІжқғйҷҗиЎЁ';

-- 2. з»ҹдёҖиҙҰеҸ·иЎЁ (Accounts)
DROP TABLE IF EXISTS `sys_accounts`;
CREATE TABLE `sys_accounts` (
    `uid` BIGINT AUTO_INCREMENT PRIMARY KEY COMMENT 'з”ЁжҲ·е”ҜдёҖж ҮиҜҶ UID',
    `username` VARCHAR(50) UNIQUE COMMENT 'зҷ»еҪ•з”ЁжҲ·еҗҚ',
    `nickname` VARCHAR(100) NOT NULL DEFAULT 'ж–°з”ЁжҲ·' COMMENT 'з”ЁжҲ·жҳөз§°',
    `avatar` VARCHAR(255) COMMENT 'з”ЁжҲ·еӨҙеғҸURL',
    `password` VARCHAR(255) COMMENT 'еҠ еҜҶеҗҺзҡ„зҷ»еҪ•еҜҶз Ғ',
    `phone` VARCHAR(20) UNIQUE COMMENT 'з»‘е®ҡжүӢжңәеҸ·',
    `email` VARCHAR(100) UNIQUE COMMENT 'з»‘е®ҡйӮ®з®ұ',
    `wxid` VARCHAR(100) UNIQUE COMMENT 'еҫ®дҝЎ OpenID/UnionID',
    `qqid` VARCHAR(100) UNIQUE COMMENT 'QQ OpenID',
    `role_id` INT NOT NULL COMMENT 'е…іиҒ”и§’иүІID',
    `is_vip` TINYINT DEFAULT NULL COMMENT 'жҳҜеҗҰVIP: 1-жҳҜ, 0-еҗҰ (д»…е®¶й•ҝи§’иүІжңүж•Ҳ)',
    `is_svip` TINYINT DEFAULT NULL COMMENT 'жҳҜеҗҰSVIP: 1-жҳҜ, 0-еҗҰ (д»…е®¶й•ҝи§’иүІжңүж•Ҳ)',
    `vip_expire_time` DATETIME DEFAULT NULL COMMENT 'VIPиҝҮжңҹж—¶й—ҙ',
    `svip_expire_time` DATETIME DEFAULT NULL COMMENT 'SVIPиҝҮжңҹж—¶й—ҙ',
    `online_status` ENUM('online', 'offline', 'banned') DEFAULT 'offline' COMMENT 'еңЁзәҝзҠ¶жҖҒ: online-еңЁзәҝ, offline-зҰ»зәҝ, banned-е°ҒзҰҒ',
    `is_bound_student` TINYINT DEFAULT 0 COMMENT 'жҳҜеҗҰе·Із»‘е®ҡеӯҰз”ҹ: 1-жҳҜ, 0-еҗҰ',
    `is_enabled` TINYINT DEFAULT 1 COMMENT 'жҳҜеҗҰеҗҜз”Ё: 1-еҗҜз”Ё, 0-зҰҒз”Ё',
    `last_login_time` DATETIME COMMENT 'жңҖеҗҺзҷ»еҪ•ж—¶й—ҙ',
    `create_time` DATETIME DEFAULT CURRENT_TIMESTAMP COMMENT 'еҲӣе»әж—Ҙжңҹ',
    `update_time` DATETIME DEFAULT CURRENT_TIMESTAMP ON UPDATE CURRENT_TIMESTAMP COMMENT 'жӣҙж–°ж—¶й—ҙ',
    CONSTRAINT `fk_account_role` FOREIGN KEY (`role_id`) REFERENCES `sys_roles` (`id`)
) ENGINE=InnoDB COMMENT='зі»з»ҹз»ҹдёҖиҙҰеҸ·иЎЁ';

-- 2.1 и§’иүІжқғйҷҗе…іиҒ”иЎЁ
DROP TABLE IF EXISTS `sys_role_menu`;
CREATE TABLE `sys_role_menu` (
    `id` BIGINT AUTO_INCREMENT PRIMARY KEY,
    `role_id` INT NOT NULL COMMENT 'е…іиҒ” sys_roles.id',
    `permission_code` VARCHAR(100) NOT NULL COMMENT 'жқғйҷҗж ҮиҜҶпјҢдҫӢеҰӮ system:user:list',
    `create_time` DATETIME DEFAULT CURRENT_TIMESTAMP,
    UNIQUE KEY `uk_role_permission` (`role_id`, `permission_code`),
    INDEX `idx_role_id` (`role_id`),
    CONSTRAINT `fk_role_menu_role_id` FOREIGN KEY (`role_id`) REFERENCES `sys_roles` (`id`) ON DELETE CASCADE
) ENGINE=InnoDB COMMENT='и§’иүІдёҺжқғйҷҗе…іиҒ”иЎЁ';

-- 3. дјҡе‘ҳзӯүзә§й…ҚзҪ®иЎЁ
DROP TABLE IF EXISTS `sys_vip_config`;
CREATE TABLE `sys_vip_config` (
    `id` INT AUTO_INCREMENT PRIMARY KEY,
    `tier_code` VARCHAR(20) NOT NULL COMMENT 'зӯүзә§ж ҮиҜҶпјҡVIP, SVIP',
    `title` VARCHAR(50) NOT NULL COMMENT 'жҳҫзӨәж Үйўҳ',
    `sub_title` VARCHAR(100) COMMENT 'еүҜж Үйўҳ',
    `benefits` TEXT COMMENT 'жқғзӣҠеҲ—иЎЁ (JSON)',
    `is_enabled` TINYINT DEFAULT 1 COMMENT 'жҳҜеҗҰеҗҜз”Ёпјҡ0-зҰҒз”Ё, 1-еҗҜз”Ё',
    `sort_order` INT DEFAULT 0 COMMENT 'жҺ’еәҸ',
    `create_time` DATETIME DEFAULT CURRENT_TIMESTAMP,
    `update_time` DATETIME DEFAULT CURRENT_TIMESTAMP ON UPDATE CURRENT_TIMESTAMP
) ENGINE=InnoDB COMMENT='дјҡе‘ҳзӯүзә§й…ҚзҪ®иЎЁ';

-- 4. дјҡе‘ҳд»·ж јеҘ—йӨҗиЎЁ
DROP TABLE IF EXISTS `sys_vip_pricing`;
CREATE TABLE `sys_vip_pricing` (
    `id` INT AUTO_INCREMENT PRIMARY KEY,
    `vip_id` INT NOT NULL COMMENT 'е…іиҒ” sys_vip_config.id',
    `pkg_name` VARCHAR(20) NOT NULL COMMENT 'еҘ—йӨҗеҗҚз§°пјҡжңҲеҢ…, еӯЈеҢ…, е№ҙеҢ…',
    `pkg_desc` VARCHAR(50) COMMENT 'еҘ—йӨҗжҸҸиҝ°пјҡеҰӮ дёҖеӯҰжңҹ',
    `current_price` DECIMAL(10,2) NOT NULL COMMENT 'еҪ“еүҚе”®д»·',
    `original_price` DECIMAL(10,2) COMMENT 'еҺҹд»·',
    `duration_months` INT NOT NULL COMMENT 'жңүж•Ҳж—¶й•ҝ(жңҲ)',
    `is_best_value` TINYINT DEFAULT 0 COMMENT 'жҳҜеҗҰдёәиҗҘй”ҖжҺЁиҚҗ',
    `sort_order` INT DEFAULT 0 COMMENT 'жҺ’еәҸ',
    CONSTRAINT `fk_vip_pricing_vip_id` FOREIGN KEY (`vip_id`) REFERENCES `sys_vip_config` (`id`) ON DELETE CASCADE
) ENGINE=InnoDB COMMENT='дјҡе‘ҳд»·ж јеҘ—йӨҗиЎЁ';

-- еҲқе§ӢеҢ–дјҡе‘ҳй…ҚзҪ®ж•°жҚ®
INSERT INTO `sys_vip_config` (`id`, `tier_code`, `title`, `sub_title`, `benefits`, `is_enabled`, `sort_order`) VALUES 
(1, 'VIP', 'VIP еҹәзЎҖзүҲ', 'йҖӮеҗҲдёӘдәәеӯҰд№ пјҢеҢ…еҗ«еҹәзЎҖйўҳеә“дёҺеҲҶжһҗеҠҹиғҪ', '["еҹәзЎҖйўҳеә“и®ҝй—®", "й”ҷйўҳжң¬еҠҹиғҪ", "жңҲеәҰеӯҰд№ жҠҘе‘Ҡ"]', 1, 1),
(2, 'SVIP', 'SVIP дё“дёҡзүҲ', 'е…ЁиғҪеӯҰд№ еҠ©жүӢпјҢи§Јй”ҒжүҖжңүй«ҳзә§еҲҶжһҗдёҺеҗҚеёҲиҜҫзЁӢ', '["е…Ёз«ҷйўҳеә“ж— йҷҗеҲ¶и®ҝй—®", "AI жҷәиғҪи§Јжһҗ", "еҗҚеёҲзІҫи®Іи§Ҷйў‘", "дё“еұһе®ўжңҚдјҳе…Ҳе“Қеә”"]', 1, 2);

-- еҲқе§ӢеҢ–дјҡе‘ҳд»·ж јж•°жҚ®
INSERT INTO `sys_vip_pricing` (`vip_id`, `pkg_name`, `pkg_desc`, `current_price`, `original_price`, `duration_months`, `is_best_value`, `sort_order`) VALUES 
(1, 'жңҲеҢ…', '', 29.00, 39.00, 1, 0, 1),
(1, 'еӯЈеҢ…', 'дёҖеӯҰжңҹ', 99.00, 129.00, 4, 1, 2),
(1, 'е№ҙеҢ…', '', 299.00, 399.00, 12, 0, 3),
(2, 'жңҲеҢ…', '', 59.00, 79.00, 1, 0, 1),
(2, 'еӯЈеҢ…', 'дёҖеӯҰжңҹ', 199.00, 249.00, 4, 1, 2),
(2, 'е№ҙеҢ…', '', 599.00, 799.00, 12, 0, 3);


-- ---------------------------------------------------------
-- ж ёеҝғдёҡеҠЎжЁЎеқ—
-- ---------------------------------------------------------

-- 3. еӯҰж Ўз»“жһ„иЎЁ (еҶ—дҪҷи®ҫи®Ў)
DROP TABLE IF EXISTS `schools`;
CREATE TABLE `schools` (
    `id` BIGINT AUTO_INCREMENT PRIMARY KEY COMMENT 'еҶ…йғЁи®°еҪ•ID',
    `school_id` VARCHAR(50) NOT NULL UNIQUE COMMENT 'еӯҰж Ўе”ҜдёҖж ҮиҜҶ',
    `province` VARCHAR(50) COMMENT 'зңҒд»Ҫ',
    `city` VARCHAR(50) COMMENT 'еҹҺеёӮ',
    `name` VARCHAR(100) NOT NULL COMMENT 'еӯҰж ЎеҗҚз§°',
    `type` VARCHAR(20) DEFAULT 'school' COMMENT 'иҠӮзӮ№зұ»еһӢ',
    `status` TINYINT DEFAULT 1 COMMENT 'зҠ¶жҖҒ: 1-еҗҜз”Ё, 0-зҰҒз”Ё',
    `create_time` DATETIME DEFAULT CURRENT_TIMESTAMP COMMENT 'еҲӣе»әж—¶й—ҙ',
    `update_time` DATETIME DEFAULT CURRENT_TIMESTAMP ON UPDATE CURRENT_TIMESTAMP COMMENT 'жӣҙж–°ж—¶й—ҙ'
) ENGINE=InnoDB COMMENT='еӯҰж ЎеҹәзЎҖдҝЎжҒҜиЎЁ';

-- 3.1 е…ЁеұҖзҸӯзә§иЎЁ
DROP TABLE IF EXISTS `sys_vip_config_schools`;
CREATE TABLE `sys_vip_config_schools` (
    `id` BIGINT AUTO_INCREMENT PRIMARY KEY COMMENT 'дё»й”®ID',
    `vip_id` INT NOT NULL COMMENT 'е…іиҒ” sys_vip_config.id',
    `school_id` VARCHAR(50) NOT NULL COMMENT 'е…іиҒ” schools.school_id',
    `create_time` DATETIME DEFAULT CURRENT_TIMESTAMP COMMENT 'еҲӣе»әж—¶й—ҙ',
    UNIQUE KEY `uk_vip_school` (`vip_id`, `school_id`),
    CONSTRAINT `fk_vip_config_school_vip` FOREIGN KEY (`vip_id`) REFERENCES `sys_vip_config` (`id`) ON DELETE CASCADE,
    CONSTRAINT `fk_vip_config_school_school` FOREIGN KEY (`school_id`) REFERENCES `schools` (`school_id`) ON DELETE CASCADE
) ENGINE=InnoDB COMMENT='VIPй…ҚзҪ®йҖӮз”ЁеӯҰж Ўе…іиҒ”иЎЁ';

DROP TABLE IF EXISTS `sys_classes`;
CREATE TABLE `sys_classes` (
    `id` BIGINT AUTO_INCREMENT PRIMARY KEY COMMENT 'еҶ…йғЁи®°еҪ•ID',
    `classid` VARCHAR(50) NOT NULL UNIQUE COMMENT 'зҸӯзә§е”ҜдёҖж ҮиҜҶID',
    `school_id` VARCHAR(50) NOT NULL COMMENT 'е…іиҒ”зҡ„еӯҰж ЎID',
    `grade` VARCHAR(50) NOT NULL COMMENT 'е№ҙзә§',
    `alias` VARCHAR(100) COMMENT 'зҸӯзә§еҲ«еҗҚ',
    `create_time` DATETIME DEFAULT CURRENT_TIMESTAMP COMMENT 'еҲӣе»әж—¶й—ҙ',
    `update_time` DATETIME DEFAULT CURRENT_TIMESTAMP ON UPDATE CURRENT_TIMESTAMP COMMENT 'жӣҙж–°ж—¶й—ҙ',
    CONSTRAINT `fk_sysclass_school` FOREIGN KEY (`school_id`) REFERENCES `schools` (`school_id`) ON DELETE CASCADE
) ENGINE=InnoDB COMMENT='е…ЁеұҖзҸӯзә§з®ЎзҗҶиЎЁ';

-- 4. еӯҰз”ҹжЎЈжЎҲиЎЁ (еҢ…еҗ«зҠ¶жҖҒе’Ңдјҡе‘ҳеҶ—дҪҷ)
DROP TABLE IF EXISTS `students`;
CREATE TABLE `students` (
    `id` VARCHAR(50) PRIMARY KEY COMMENT 'еӯҰз”ҹе”ҜдёҖID',
    `student_no` VARCHAR(50) NOT NULL UNIQUE COMMENT 'еӯҰеҸ·',
    `name` VARCHAR(50) NOT NULL COMMENT 'еӯҰз”ҹе§“еҗҚ',
    `school_id` VARCHAR(50) COMMENT 'е…іиҒ”зҡ„еӯҰж ЎID',
    `class_id` VARCHAR(50) COMMENT 'е…іиҒ”зҡ„зҸӯзә§ID(classid)',
    `school` VARCHAR(100) COMMENT 'жүҖеңЁеӯҰж Ў(еҶ—дҪҷ)',
    `grade` VARCHAR(50) COMMENT 'жүҖеңЁе№ҙзә§(еҶ—дҪҷ)',
    `class_name` VARCHAR(50) COMMENT 'жүҖеңЁзҸӯзә§(еҶ—дҪҷ)',
    `bound_count` INT DEFAULT 0 COMMENT 'з»‘е®ҡе®¶й•ҝж•°йҮҸ',
    `create_time` DATETIME DEFAULT CURRENT_TIMESTAMP COMMENT 'еҲӣе»әж—¶й—ҙ',
    `update_time` DATETIME DEFAULT CURRENT_TIMESTAMP ON UPDATE CURRENT_TIMESTAMP COMMENT 'жӣҙж–°ж—¶й—ҙ'
) ENGINE=InnoDB COMMENT='еӯҰз”ҹжЎЈжЎҲиЎЁ';

-- 4.1 еӯҰз”ҹ-е®¶й•ҝз»‘е®ҡиЎЁ (дёҖеҜ№еӨҡпјҡдёҖдёӘеӯҰз”ҹеҸҜиў«еӨҡеҗҚе®¶й•ҝз»‘е®ҡпјҢдҪҶдёҖеҗҚе®¶й•ҝеҸӘиғҪз»‘е®ҡдёҖеҗҚеӯҰз”ҹ)
DROP TABLE IF EXISTS `student_parent_bindings`;
CREATE TABLE `student_parent_bindings` (
    `id` BIGINT AUTO_INCREMENT PRIMARY KEY COMMENT 'з»‘е®ҡID',
    `student_id` VARCHAR(50) NOT NULL COMMENT 'еӯҰз”ҹе”ҜдёҖID',
    `parent_uid` BIGINT NOT NULL COMMENT 'е®¶й•ҝз”ЁжҲ·е”ҜдёҖID (sys_accounts.uid)',
    `binding_type` VARCHAR(20) DEFAULT 'parent' COMMENT 'з»‘е®ҡзұ»еһӢ',
    `create_time` DATETIME DEFAULT CURRENT_TIMESTAMP COMMENT 'з»‘е®ҡж—¶й—ҙ',
    -- ж ёеҝғзәҰжқҹпјҡзЎ®дҝқдёҖдёӘе®¶й•ҝиҙҰеҸ·пјҲеҚідёҖдёӘжүӢжңәеҸ·пјүеҸӘиғҪеӯҳеңЁдёҖжқЎз»‘е®ҡи®°еҪ•
    UNIQUE KEY `uk_parent_single` (`parent_uid`), 
    CONSTRAINT `fk_binding_student` FOREIGN KEY (`student_id`) REFERENCES `students` (`id`),
    CONSTRAINT `fk_binding_parent` FOREIGN KEY (`parent_uid`) REFERENCES `sys_accounts` (`uid`)
) ENGINE=InnoDB COMMENT='еӯҰз”ҹдёҺе®¶й•ҝиҙҰеҸ·з»‘е®ҡе…ізі»иЎЁ (1дёӘе®¶й•ҝйҷҗз»‘1еҗҚеӯҰз”ҹпјҢ1еҗҚеӯҰз”ҹж”ҜжҢҒеӨҡеҗҚе®¶й•ҝе…ұеҗҢз®ЎзҗҶ)';

-- 5. иҖғиҜ•дҝЎжҒҜдёҺжҲҗз»©иЎЁ (е…је®№еҺҶеҸІзүҲжң¬з»“жһ„)
DROP TABLE IF EXISTS `exams`;
CREATE TABLE `exams` (
    `id` VARCHAR(50) PRIMARY KEY COMMENT 'иҖғиҜ•е”ҜдёҖID',
    `name` VARCHAR(200) NOT NULL COMMENT 'иҖғиҜ•еҗҚз§°',
    `school` VARCHAR(100) COMMENT 'з»„з»ҮеӯҰж Ў(еҶ—дҪҷ)',
    `grade` VARCHAR(50) COMMENT 'е№ҙзә§(еҶ—дҪҷ)',
    `class_name` VARCHAR(50) COMMENT 'зҸӯзә§(еҶ—дҪҷ)',
    `exam_date` DATE NOT NULL COMMENT 'иҖғиҜ•ж—Ҙжңҹ',
    `status` ENUM('еҫ…и§Јжһҗ', 'и§Јжһҗдёӯ', 'е·Іи§Јжһҗ') DEFAULT 'еҫ…и§Јжһҗ' COMMENT 'и§ЈжһҗзҠ¶жҖҒ',
    `success_count` INT DEFAULT 0 COMMENT 'и§ЈжһҗжҲҗеҠҹдәәж•°',
    `fail_count` INT DEFAULT 0 COMMENT 'и§ЈжһҗеӨұиҙҘдәәж•°',
    `create_time` DATETIME DEFAULT CURRENT_TIMESTAMP COMMENT 'еҲӣе»әж—¶й—ҙ',
    `update_time` DATETIME DEFAULT CURRENT_TIMESTAMP ON UPDATE CURRENT_TIMESTAMP COMMENT 'жӣҙж–°ж—¶й—ҙ'
) ENGINE=InnoDB COMMENT='иҖғиҜ•еҹәзЎҖдҝЎжҒҜиЎЁ';

-- 6. жҲҗз»©дёҺй”ҷйўҳжҳҺз»ҶиЎЁ (е…је®№еҺҶеҸІзүҲжң¬з»“жһ„)
DROP TABLE IF EXISTS `exam_results`;
CREATE TABLE `exam_results` (
    `id` BIGINT AUTO_INCREMENT PRIMARY KEY COMMENT 'и®°еҪ•ID',
    `exam_id` VARCHAR(50) NOT NULL COMMENT 'е…іиҒ”иҖғиҜ•ID',
    `student_no` VARCHAR(50) NOT NULL COMMENT 'е…іиҒ”еӯҰеҸ·',
    `student_name` VARCHAR(50) COMMENT 'еӯҰз”ҹе§“еҗҚ(еҶ—дҪҷ)',
    `school` VARCHAR(100) COMMENT 'еӯҰж Ў(еҶ—дҪҷ)',
    `grade` VARCHAR(50) COMMENT 'е№ҙзә§(еҶ—дҪҷ)',
    `class_name` VARCHAR(50) COMMENT 'зҸӯзә§(еҶ—дҪҷ)',
    `total_score` FLOAT NOT NULL COMMENT 'жҖ»еҲҶ',
    `question_scores` JSON COMMENT 'еҗ„йўҳеҫ—еҲҶж•°з»„(JSONж јејҸ)',
    `fail_reason` VARCHAR(255) COMMENT 'еҰӮжһңи§ЈжһҗеӨұиҙҘзҡ„еҺҹеӣ ',
    `create_time` DATETIME DEFAULT CURRENT_TIMESTAMP COMMENT 'еҲӣе»әж—¶й—ҙ',
    `update_time` DATETIME DEFAULT CURRENT_TIMESTAMP ON UPDATE CURRENT_TIMESTAMP COMMENT 'жӣҙж–°ж—¶й—ҙ',
    CONSTRAINT `fk_result_exam` FOREIGN KEY (`exam_id`) REFERENCES `exams` (`id`),
    CONSTRAINT `fk_result_student` FOREIGN KEY (`student_no`) REFERENCES `students` (`student_no`)
) ENGINE=InnoDB COMMENT='жҲҗз»©и®°еҪ•еҸҠиҜ•еҚ·и§Јжһҗз»“жһңиЎЁ';

-- ---------------------------------------------------------
-- ж–°зүҲиҖғиҜ•ж•°жҚ®дёӯеҝғжЁЎеқ— (йЎ№зӣ® -> зҸӯзә§ -> з§‘зӣ® -> жҲҗз»©жҳҺз»Ҷ)
-- ---------------------------------------------------------

-- 6.1 иҖғиҜ•йЎ№зӣ®иЎЁ
DROP TABLE IF EXISTS `exam_projects`;
CREATE TABLE `exam_projects` (
    `id` VARCHAR(50) PRIMARY KEY COMMENT 'йЎ№зӣ®ID',
    `name` VARCHAR(200) NOT NULL COMMENT 'иҖғиҜ•йЎ№зӣ®еҗҚз§°',
    `exam_type` VARCHAR(20) NOT NULL DEFAULT 'NORMAL' COMMENT 'иҖғиҜ•зұ»еһӢ: NORMAL-жҷ®йҖҡиҖғиҜ•, JOINT-иҒ”еҗҲиҖғиҜ•',
    `selected_school_ids` TEXT COMMENT 'иҒ”еҗҲиҖғиҜ•йҖүдёӯзҡ„еӯҰж ЎIDеҲ—иЎЁ(JSON)',
    `selected_class_ids` TEXT COMMENT 'жҷ®йҖҡиҖғиҜ•йҖүдёӯзҡ„зҸӯзә§IDеҲ—иЎЁ(JSON)',
    `subject_names` TEXT COMMENT 'йЎ№зӣ®з§‘зӣ®еҲ—иЎЁ(JSON)',
    `subject_benchmarks` TEXT COMMENT 'еӯҰз§‘еҹәеҮҶеҲҶж•°й…ҚзҪ®',
    `paper_layouts` TEXT COMMENT 'иҜ•еҚ·жЎҶйҖүеёғеұҖй…ҚзҪ®(JSON)',
    `school_count` INT DEFAULT 0 COMMENT 'иҰҶзӣ–еӯҰж Ўж•°',
    `class_count` INT DEFAULT 0 COMMENT 'иҰҶзӣ–зҸӯзә§ж•°',
    `student_count` INT DEFAULT 0 COMMENT 'иҰҶзӣ–еӯҰз”ҹж•°',
    `subject_count` INT DEFAULT 0 COMMENT 'з§‘зӣ®ж•°',
    `create_time` DATETIME DEFAULT CURRENT_TIMESTAMP COMMENT 'еҲӣе»әж—¶й—ҙ',
    `update_time` DATETIME DEFAULT CURRENT_TIMESTAMP ON UPDATE CURRENT_TIMESTAMP COMMENT 'жӣҙж–°ж—¶й—ҙ'
) ENGINE=InnoDB COMMENT='иҖғиҜ•йЎ№зӣ®з®ЎзҗҶиЎЁ';

-- 6.2 иҖғиҜ•зҸӯзә§иЎЁ
DROP TABLE IF EXISTS `exam_classes`;
CREATE TABLE `exam_classes` (
    `id` VARCHAR(50) PRIMARY KEY COMMENT 'зҸӯзә§и®°еҪ•ID',
    `project_id` VARCHAR(50) NOT NULL COMMENT 'е…іиҒ”иҖғиҜ•йЎ№зӣ®ID',
    `school_id` VARCHAR(50) NOT NULL COMMENT 'е…іиҒ”еӯҰж ЎID',
    `school` VARCHAR(100) NOT NULL COMMENT 'еӯҰж ЎеҗҚз§°',
    `grade` VARCHAR(50) NOT NULL COMMENT 'е№ҙзә§',
    `class_name` VARCHAR(50) NOT NULL COMMENT 'зҸӯзә§еҗҚз§°',
    `source_class_id` VARCHAR(50) COMMENT 'е…іиҒ”е…ЁеұҖзҸӯзә§ID',
    `student_count` INT DEFAULT 0 COMMENT 'зҸӯзә§еӯҰз”ҹж•°',
    `create_time` DATETIME DEFAULT CURRENT_TIMESTAMP COMMENT 'еҲӣе»әж—¶й—ҙ',
    `update_time` DATETIME DEFAULT CURRENT_TIMESTAMP ON UPDATE CURRENT_TIMESTAMP COMMENT 'жӣҙж–°ж—¶й—ҙ',
    CONSTRAINT `fk_class_project` FOREIGN KEY (`project_id`) REFERENCES `exam_projects` (`id`) ON DELETE CASCADE
) ENGINE=InnoDB COMMENT='иҖғиҜ•зҸӯзә§з®ЎзҗҶиЎЁ';

-- 6.3 иҖғиҜ•з§‘зӣ®иЎЁ
DROP TABLE IF EXISTS `exam_subjects`;
CREATE TABLE `exam_subjects` (
    `id` VARCHAR(50) PRIMARY KEY COMMENT 'з§‘зӣ®и®°еҪ•ID',
    `class_id` VARCHAR(50) NOT NULL COMMENT 'е…іиҒ”иҖғиҜ•зҸӯзә§ID',
    `subject_name` VARCHAR(50) NOT NULL COMMENT 'з§‘зӣ®еҗҚз§°',
    `paper_url` VARCHAR(500) COMMENT 'иҜ•еҚ·ж–Үд»¶ең°еқҖ',
    `answer_url` VARCHAR(500) COMMENT 'зӯ”жЎҲж–Үд»¶ең°еқҖ',
    `score_uploaded` TINYINT(1) DEFAULT 0 COMMENT 'жҳҜеҗҰе·ІеҗҢжӯҘе°ҸйўҳеҲҶжҲҗз»© (0-еҫ…еҗҢжӯҘ, 1-е·ІеҗҢжӯҘ)',
    `create_time` DATETIME DEFAULT CURRENT_TIMESTAMP COMMENT 'еҲӣе»әж—¶й—ҙ',
    `update_time` DATETIME DEFAULT CURRENT_TIMESTAMP ON UPDATE CURRENT_TIMESTAMP COMMENT 'жӣҙж–°ж—¶й—ҙ',
    KEY `idx_exam_subject_class_name` (`class_id`, `subject_name`),
    CONSTRAINT `fk_subject_class` FOREIGN KEY (`class_id`) REFERENCES `exam_classes` (`id`) ON DELETE CASCADE
) ENGINE=InnoDB COMMENT='иҖғиҜ•з§‘зӣ®з®ЎзҗҶиЎЁ';

-- 6.4 еӯҰз”ҹз§‘зӣ®жҲҗз»©дёҺе°ҸйўҳеҲҶиЎЁ
DROP TABLE IF EXISTS `exam_student_scores`;
CREATE TABLE `exam_student_scores` (
    `id` BIGINT AUTO_INCREMENT PRIMARY KEY COMMENT 'жҲҗз»©и®°еҪ•ID',
    `subject_id` VARCHAR(50) NOT NULL COMMENT 'е…іиҒ”иҖғиҜ•з§‘зӣ®ID',
    `student_no` VARCHAR(50) NOT NULL COMMENT 'еӯҰз”ҹеӯҰеҸ·',
    `student_name` VARCHAR(50) COMMENT 'еӯҰз”ҹе§“еҗҚ(еҶ—дҪҷ)',
    `answer_sheet_url` VARCHAR(500) COMMENT 'еӯҰз”ҹиҜ•еҚ·еҺҹеҚ·и·Ҝеҫ„',
    `score_entered` TINYINT(1) DEFAULT 0 COMMENT 'жҲҗз»©жҳҜеҗҰе·ІеҪ•е…Ҙ (0-жңӘеҪ•е…Ҙ, 1-е·ІеҪ•е…Ҙ)',
    `total_score` FLOAT NOT NULL COMMENT 'з§‘зӣ®жҖ»еҲҶ',
    `question_scores` JSON COMMENT 'еҗ„е°Ҹйўҳеҫ—еҲҶж•°з»„(JSONж јејҸ)',
    `create_time` DATETIME DEFAULT CURRENT_TIMESTAMP COMMENT 'еҲӣе»әж—¶й—ҙ',
    `update_time` DATETIME DEFAULT CURRENT_TIMESTAMP ON UPDATE CURRENT_TIMESTAMP COMMENT 'жӣҙж–°ж—¶й—ҙ',
    UNIQUE KEY `uk_exam_student_score_subject_student` (`subject_id`, `student_no`),
    CONSTRAINT `fk_score_subject` FOREIGN KEY (`subject_id`) REFERENCES `exam_subjects` (`id`) ON DELETE CASCADE,
    CONSTRAINT `fk_score_student` FOREIGN KEY (`student_no`) REFERENCES `students` (`student_no`) ON DELETE CASCADE
) ENGINE=InnoDB COMMENT='еӯҰз”ҹз§‘зӣ®жҲҗз»©дёҺе°ҸйўҳеҲҶжҳҺз»ҶиЎЁ';

-- ---------------------------------------------------------
-- иҜҫзЁӢгҖҒиө„жәҗдёҺдәӨдә’жЁЎеқ—
-- ---------------------------------------------------------

-- 7. иҜҫзЁӢиө„жәҗиЎЁ (еўһеҠ зұ»еһӢеҲҶзұ»)
DROP TABLE IF EXISTS `courses`;
CREATE TABLE `courses` (
    `id` VARCHAR(50) PRIMARY KEY COMMENT 'иҜҫзЁӢID',
    `title` VARCHAR(200) NOT NULL COMMENT 'иҜҫзЁӢж Үйўҳ',
    `cover` VARCHAR(255) COMMENT 'е°ҒйқўеӣҫURL',
    `video_url` VARCHAR(500) COMMENT 'и§Ҷйў‘URL',
    `content` TEXT COMMENT 'иҜҫзЁӢиҜҰз»ҶеҜҢж–Үжң¬еҶ…е®№',
    `type` ENUM('general', 'sync', 'family', 'talk') DEFAULT 'general' COMMENT 'иҜҫзЁӢзұ»еһӢ: general-еёёи§„, sync-еҗҢжӯҘ, family-е®¶еәӯж•ҷиӮІ, talk-еӯҰйңёиҜҙ',
    `subject` VARCHAR(50) COMMENT 'з§‘зӣ® (д»…еҗҢжӯҘиҜҫзЁӢжңүж•Ҳ)',
    `grade` VARCHAR(50) COMMENT 'е№ҙзә§ (д»…еҗҢжӯҘиҜҫзЁӢжңүж•Ҳ)',
    `price` DECIMAL(10,2) DEFAULT 0.00 COMMENT 'д»·ж ј',
    `is_svip_only` TINYINT(1) DEFAULT 0 COMMENT 'жҳҜеҗҰд»…SVIPеҸҜи§Ғ',
    `author` VARCHAR(100) DEFAULT NULL COMMENT 'дҪңиҖ…/и®ІеёҲ',
    `buy_count` INT DEFAULT 0 COMMENT 'иҙӯд№°/еӯҰд№ дәәж•°',
    `episodes` INT DEFAULT 0 COMMENT 'жҖ»иҠӮж•°',
    `status` TINYINT DEFAULT 1 COMMENT 'зҠ¶жҖҒ: 1-дёҠжһ¶, 0-дёӢжһ¶',
    `is_recommend` TINYINT(1) DEFAULT 0 COMMENT 'жҳҜеҗҰд»Ҡж—ҘжҺЁиҚҗ: 0-еҗҰ, 1-жҳҜ',
    `create_time` DATETIME DEFAULT CURRENT_TIMESTAMP COMMENT 'еҲӣе»әж—¶й—ҙ',
    `update_time` DATETIME DEFAULT CURRENT_TIMESTAMP ON UPDATE CURRENT_TIMESTAMP COMMENT 'жӣҙж–°ж—¶й—ҙ'
) ENGINE=InnoDB COMMENT='иҜҫзЁӢдёҺеӯҰд№ иө„жәҗиЎЁ';

-- 7.0 иҜҫзЁӢз« иҠӮиЎЁ
DROP TABLE IF EXISTS `course_episodes`;
CREATE TABLE `course_episodes` (
    `id` VARCHAR(50) PRIMARY KEY COMMENT 'з« иҠӮID',
    `course_id` VARCHAR(50) NOT NULL COMMENT 'жүҖеұһиҜҫзЁӢID',
    `title` VARCHAR(200) NOT NULL COMMENT 'з« иҠӮж Үйўҳ',
    `sort_order` INT DEFAULT 0 COMMENT 'жҺ’еәҸ',
    `create_time` DATETIME DEFAULT CURRENT_TIMESTAMP COMMENT 'еҲӣе»әж—¶й—ҙ',
    `update_time` DATETIME DEFAULT CURRENT_TIMESTAMP ON UPDATE CURRENT_TIMESTAMP COMMENT 'жӣҙж–°ж—¶й—ҙ',
    CONSTRAINT `fk_episode_course` FOREIGN KEY (`course_id`) REFERENCES `courses` (`id`) ON DELETE CASCADE
) ENGINE=InnoDB COMMENT='иҜҫзЁӢз« иҠӮжҳҺз»ҶиЎЁ';

-- 7.0.1 з« иҠӮи§Ҷйў‘иЎЁ (ж”ҜжҢҒдёҖдёӘз« иҠӮеӨҡдёӘи§Ҷйў‘)
DROP TABLE IF EXISTS `course_videos`;
CREATE TABLE `course_videos` (
    `id` VARCHAR(50) PRIMARY KEY COMMENT 'и§Ҷйў‘ID',
    `episode_id` VARCHAR(50) NOT NULL COMMENT 'жүҖеұһз« иҠӮID',
    `title` VARCHAR(200) NOT NULL COMMENT 'и§Ҷйў‘еҗҚз§°',
    `video_url` VARCHAR(500) COMMENT 'и§Ҷйў‘ж–Үд»¶и·Ҝеҫ„',
    `sort_order` INT DEFAULT 0 COMMENT 'жҺ’еәҸ',
    `create_time` DATETIME DEFAULT CURRENT_TIMESTAMP COMMENT 'еҲӣе»әж—¶й—ҙ',
    `update_time` DATETIME DEFAULT CURRENT_TIMESTAMP ON UPDATE CURRENT_TIMESTAMP COMMENT 'жӣҙж–°ж—¶й—ҙ',
    CONSTRAINT `fk_video_episode` FOREIGN KEY (`episode_id`) REFERENCES `course_episodes` (`id`) ON DELETE CASCADE
) ENGINE=InnoDB COMMENT='иҜҫзЁӢи§Ҷйў‘иө„жәҗиЎЁ';

-- 7.1 з”ЁжҲ·дёҺиҜҫзЁӢдәӨдә’иЎЁ (жҲ‘зҡ„иҜҫзЁӢ/жңҖиҝ‘жҹҘзңӢ)
DROP TABLE IF EXISTS `user_courses`;
CREATE TABLE `user_courses` (
    `id` BIGINT AUTO_INCREMENT PRIMARY KEY,
    `user_uid` BIGINT NOT NULL COMMENT 'з”ЁжҲ·UID',
    `course_id` VARCHAR(50) NOT NULL COMMENT 'иҜҫзЁӢID',
    `create_time` DATETIME DEFAULT CURRENT_TIMESTAMP,
    UNIQUE KEY `uk_user_course` (`user_uid`, `course_id`)
) ENGINE=InnoDB COMMENT='жҲ‘зҡ„иҜҫзЁӢиЎЁ (зӮ№еҮ»иҝӣе…Ҙз®—жҲ‘зҡ„иҜҫзЁӢ)';

-- 7.2 з”ЁжҲ·ж”¶и—ҸиЎЁ (жҲ‘зҡ„ж”¶и—Ҹ)
DROP TABLE IF EXISTS `user_collections`;
CREATE TABLE `user_collections` (
    `id` BIGINT AUTO_INCREMENT PRIMARY KEY,
    `user_uid` BIGINT NOT NULL COMMENT 'з”ЁжҲ·UID',
    `course_id` VARCHAR(50) NOT NULL COMMENT 'иҜҫзЁӢID',
    `create_time` DATETIME DEFAULT CURRENT_TIMESTAMP,
    UNIQUE KEY `uk_user_collection` (`user_uid`, `course_id`)
) ENGINE=InnoDB COMMENT='з”ЁжҲ·ж”¶и—ҸиЎЁ';

-- 7.3 з”ЁжҲ·еӯҰд№ и®°еҪ•иЎЁ (еӯҰд№ и®°еҪ•)
DROP TABLE IF EXISTS `user_study_records`;
CREATE TABLE `user_study_records` (
    `id` BIGINT AUTO_INCREMENT PRIMARY KEY,
    `user_uid` BIGINT NOT NULL COMMENT 'з”ЁжҲ·UID',
    `course_id` VARCHAR(50) NOT NULL COMMENT 'иҜҫзЁӢID',
    `progress` INT DEFAULT 0 COMMENT 'еӯҰд№ иҝӣеәҰзҷҫеҲҶжҜ”',
    `last_study_time` DATETIME DEFAULT CURRENT_TIMESTAMP ON UPDATE CURRENT_TIMESTAMP,
    `create_time` DATETIME DEFAULT CURRENT_TIMESTAMP,
    UNIQUE KEY `uk_user_record` (`user_uid`, `course_id`)
) ENGINE=InnoDB COMMENT='еӯҰд№ и®°еҪ•иЎЁ (зӮ№еҮ»з«ӢеҚіеӯҰд№ з®—еӯҰд№ и®°еҪ•)';

-- 8. еӯҰз”ҹжҲҗз»© AI жҠҘе‘Ҡзј“еӯҳиЎЁ
DROP TABLE IF EXISTS `student_exam_ai_reports`;
CREATE TABLE `student_exam_ai_reports` (
    `id` VARCHAR(50) PRIMARY KEY COMMENT 'AIжҠҘе‘ҠID',
    `project_id` VARCHAR(50) NOT NULL COMMENT 'иҖғиҜ•йЎ№зӣ®ID',
    `student_no` VARCHAR(50) NOT NULL COMMENT 'еӯҰз”ҹеӯҰеҸ·',
    `student_name` VARCHAR(50) DEFAULT NULL COMMENT 'еӯҰз”ҹе§“еҗҚ',
    `school_id` VARCHAR(50) DEFAULT NULL COMMENT 'еӯҰж ЎID',
    `class_id` VARCHAR(50) DEFAULT NULL COMMENT 'иҖғиҜ•зҸӯзә§ID',
    `model_name` VARCHAR(100) DEFAULT NULL COMMENT 'жЁЎеһӢеҗҚз§°',
    `prompt_version` VARCHAR(50) DEFAULT NULL COMMENT 'жҸҗзӨәиҜҚзүҲжң¬',
    `report_content` LONGTEXT COMMENT 'AIжҠҘе‘ҠеҶ…е®№(JSON)',
    `source_snapshot` LONGTEXT COMMENT 'з”ҹжҲҗжҠҘе‘ҠдҪҝз”Ёзҡ„еҺҹе§Ӣеҝ«з…§(JSON)',
    `status` VARCHAR(20) DEFAULT 'SUCCESS' COMMENT 'зҠ¶жҖҒ',
    `create_time` DATETIME DEFAULT CURRENT_TIMESTAMP COMMENT 'еҲӣе»әж—¶й—ҙ',
    `update_time` DATETIME DEFAULT CURRENT_TIMESTAMP ON UPDATE CURRENT_TIMESTAMP COMMENT 'жӣҙж–°ж—¶й—ҙ',
    UNIQUE KEY `uk_student_exam_ai_report` (`project_id`, `student_no`)
) ENGINE=InnoDB COMMENT='еӯҰз”ҹиҖғиҜ•AIеҲҶжһҗжҠҘе‘Ҡзј“еӯҳиЎЁ';

-- 8.1 AI иҮӘд№ е®ӨжҠҘеҗҚиЎЁ
DROP TABLE IF EXISTS `study_room_enrollments`;
CREATE TABLE `study_room_enrollments` (
    `id` VARCHAR(50) PRIMARY KEY COMMENT 'жҠҘеҗҚи®°еҪ•ID',
    `parent_name` VARCHAR(50) NOT NULL COMMENT 'е®¶й•ҝе§“еҗҚ',
    `student_name` VARCHAR(50) NOT NULL COMMENT 'еӯҰз”ҹе§“еҗҚ',
    `phone` VARCHAR(20) NOT NULL COMMENT 'иҒ”зі»з”өиҜқ',
    `status` ENUM('pending', 'confirmed', 'rejected') DEFAULT 'pending' COMMENT 'зҠ¶жҖҒ',
    `remark` VARCHAR(255) COMMENT 'е®¶й•ҝеӨҮжіЁ/жӢ’з»қеҺҹеӣ ',
    `apply_time` DATETIME NOT NULL COMMENT 'жҠҘеҗҚж—¶й—ҙ',
    `create_time` DATETIME DEFAULT CURRENT_TIMESTAMP COMMENT 'еҲӣе»әж—¶й—ҙ',
    `update_time` DATETIME DEFAULT CURRENT_TIMESTAMP ON UPDATE CURRENT_TIMESTAMP COMMENT 'жӣҙж–°ж—¶й—ҙ'
) ENGINE=InnoDB COMMENT='AIиҮӘд№ е®Өйў„зәҰжҠҘеҗҚиЎЁ';

-- 9. FAQ еҲҶзұ»иЎЁ
DROP TABLE IF EXISTS `faq_categories`;
CREATE TABLE `faq_categories` (
    `id` INT AUTO_INCREMENT PRIMARY KEY COMMENT 'еҲҶзұ»ID',
    `name` VARCHAR(50) NOT NULL UNIQUE COMMENT 'еҲҶзұ»еҗҚз§°',
    `sort` INT DEFAULT 0 COMMENT 'жҺ’еәҸ',
    `status` TINYINT DEFAULT 1 COMMENT 'зҠ¶жҖҒ: 1-еҗҜз”Ё, 0-зҰҒз”Ё',
    `create_time` DATETIME DEFAULT CURRENT_TIMESTAMP COMMENT 'еҲӣе»әж—¶й—ҙ',
    `update_time` DATETIME DEFAULT CURRENT_TIMESTAMP ON UPDATE CURRENT_TIMESTAMP COMMENT 'жӣҙж–°ж—¶й—ҙ'
) ENGINE=InnoDB COMMENT='FAQ еҲҶзұ»иЎЁ';

-- 10. еёёи§Ғй—®йўҳ FAQ иЎЁ
DROP TABLE IF EXISTS `faqs`;
CREATE TABLE `faqs` (
    `id` VARCHAR(50) PRIMARY KEY COMMENT 'FAQ ID',
    `category_name` VARCHAR(50) DEFAULT 'е…¶д»–' COMMENT 'жүҖеұһжЁЎеқ—еҗҚз§°',
    `category_id` INT COMMENT 'еҲҶзұ»ID',
    `question` VARCHAR(255) NOT NULL COMMENT 'й—®йўҳж Үйўҳ',
    `answer` TEXT NOT NULL COMMENT 'й—®йўҳи§Јзӯ”',
    `status` TINYINT DEFAULT 1 COMMENT 'зҠ¶жҖҒ: 1-еҗҜз”Ё, 0-зҰҒз”Ё',
    `create_time` DATETIME DEFAULT CURRENT_TIMESTAMP COMMENT 'еҲӣе»әж—¶й—ҙ',
    `update_time` DATETIME DEFAULT CURRENT_TIMESTAMP ON UPDATE CURRENT_TIMESTAMP COMMENT 'жӣҙж–°ж—¶й—ҙ'
) ENGINE=InnoDB COMMENT='е®ўжңҚж”ҜжҢҒеёёи§Ғй—®йўҳиЎЁ';

-- 11. дјҒдёҡеҫ®дҝЎе®ўжңҚй…ҚзҪ®иЎЁ
DROP TABLE IF EXISTS `wechat_configs`;
CREATE TABLE `wechat_configs` (
    `id` INT AUTO_INCREMENT PRIMARY KEY COMMENT 'й…ҚзҪ®ID',
    `group_name` VARCHAR(100) NOT NULL COMMENT 'й…ҚзҪ®еҗҚз§°',
    `corp_id` VARCHAR(100) NOT NULL COMMENT 'дјҒдёҡеҫ®дҝЎID',
    `customer_service_url` VARCHAR(500) NOT NULL COMMENT 'е®ўжңҚй“ҫжҺҘ',
    `display_location` VARCHAR(50) DEFAULT 'NONE' COMMENT 'еұ•зӨәдҪҚзҪ®: HOME_BANNER, HELP_SERVICE, NONE',
    `status` TINYINT DEFAULT 1 COMMENT 'зҠ¶жҖҒ: 1-еҗҜз”Ё, 0-зҰҒз”Ё',
    `update_time` DATETIME DEFAULT CURRENT_TIMESTAMP ON UPDATE CURRENT_TIMESTAMP COMMENT 'жӣҙж–°ж—¶й—ҙ'
) ENGINE=InnoDB COMMENT='дјҒдёҡеҫ®дҝЎе®ўжңҚй…ҚзҪ®иЎЁ';

-- ---------------------------------------------------------
-- и®ўеҚ•дёҺдәӨжҳ“жЁЎеқ—
-- ---------------------------------------------------------

-- 11.1 зәёеј еҚ•д»·й…ҚзҪ®иЎЁ
DROP TABLE IF EXISTS `paper_prices`;
CREATE TABLE `paper_prices` (
    `id` BIGINT AUTO_INCREMENT PRIMARY KEY,
    `type` VARCHAR(20) NOT NULL COMMENT 'зәёеј и§„ж ј: A4, A3',
    `side` VARCHAR(20) NOT NULL COMMENT 'еҚ•/еҸҢйқў: еҚ•йқў, еҸҢйқў',
    `color` VARCHAR(20) NOT NULL COMMENT 'йўңиүІ: й»‘зҷҪ, еҪ©иүІ',
    `price` DECIMAL(10,2) NOT NULL COMMENT 'еҚ•д»·(е…ғ/еј )',
    `min_quantity` INT DEFAULT 1 COMMENT 'иө·еҚ°ж•°йҮҸ',
    `unit` VARCHAR(10) DEFAULT 'еј ' COMMENT 'еҚ•дҪҚ'
) ENGINE=InnoDB COMMENT='зәёеј жү“еҚ°еҚ•д»·й…ҚзҪ®иЎЁ';

-- 11.2 й…ҚйҖҒиҙ№з”Ёй…ҚзҪ®иЎЁ
DROP TABLE IF EXISTS `delivery_configs`;
CREATE TABLE `delivery_configs` (
    `id` BIGINT AUTO_INCREMENT PRIMARY KEY,
    `name` VARCHAR(50) NOT NULL COMMENT 'й…ҚйҖҒж–№ејҸ: ж ҮеҮҶеҝ«йҖ’, жһҒйҖҹиҫҫ, иҮӘжҸҗ',
    `price` DECIMAL(10,2) NOT NULL COMMENT 'еҹәзЎҖиҝҗиҙ№',
    `free_limit` DECIMAL(10,2) DEFAULT 0.00 COMMENT 'е…Қиҝҗиҙ№йўқеәҰ',
    `description` VARCHAR(200) COMMENT 'жҸҸиҝ°иҜҙжҳҺ'
) ENGINE=InnoDB COMMENT='й…ҚйҖҒиҙ№з”Ёй…ҚзҪ®иЎЁ';

-- еҲқе§ӢеҢ–жү“еҚ°й…ҚзҪ®ж•°жҚ®
INSERT INTO `paper_prices` (`type`, `side`, `color`, `price`) VALUES 
('A4', 'еҚ•йқў', 'й»‘зҷҪ', 0.50),
('A4', 'еҸҢйқў', 'й»‘зҷҪ', 0.80),
('A4', 'еҚ•йқў', 'еҪ©иүІ', 2.00),
('A4', 'еҸҢйқў', 'еҪ©иүІ', 3.50),
('A3', 'еҚ•йқў', 'й»‘зҷҪ', 1.00),
('A3', 'еҸҢйқў', 'й»‘зҷҪ', 1.50);

INSERT INTO `delivery_configs` (`name`, `price`, `free_limit`, `description`) VALUES 
('ж ҮеҮҶеҝ«йҖ’', 10.00, 50.00, 'йў„и®Ў2-3еӨ©йҖҒиҫҫ'),
('жһҒйҖҹиҫҫ', 20.00, 100.00, 'еҗҢеҹҺеҪ“ж—ҘжҲ–ж¬Ўж—ҘйҖҒиҫҫ'),
('иҮӘжҸҗ', 0.00, 0.00, 'зәҝдёӢй—Ёеә—иҮӘжҸҗпјҢж— йңҖиҝҗиҙ№');

-- 12. й”ҷйўҳжү“еҚ°и®ўеҚ•иЎЁ
DROP TABLE IF EXISTS `print_orders`;
CREATE TABLE `print_orders` (
    `id` BIGINT AUTO_INCREMENT PRIMARY KEY COMMENT 'еҶ…йғЁи®°еҪ•ID',
    `order_no` VARCHAR(50) NOT NULL UNIQUE COMMENT 'еӨ–йғЁи®ўеҚ•зј–еҸ·(PODејҖеӨҙ)',
    `user_name` VARCHAR(50) NOT NULL COMMENT 'дёӢеҚ•з”ЁжҲ·е§“еҗҚ(еҶ—дҪҷ)',
    `user_phone` VARCHAR(20) NOT NULL COMMENT 'иҒ”зі»з”өиҜқ',
    `document_name` VARCHAR(200) NOT NULL COMMENT 'жү“еҚ°ж–Үд»¶еҗҚз§°',
    `pages` INT NOT NULL COMMENT 'жҖ»йЎөж•°',
    `print_type` VARCHAR(50) NOT NULL COMMENT 'жү“еҚ°зұ»еһӢ: й»‘зҷҪеҚ•йқў/еҪ©иүІеҸҢйқўзӯү',
    `delivery_method` VARCHAR(50) NOT NULL COMMENT 'й…ҚйҖҒж–№ејҸ: ж ҮеҮҶеҝ«йҖ’/иҮӘжҸҗзӯү',
    `total_price` DECIMAL(10,2) NOT NULL COMMENT 'и®ўеҚ•жҖ»д»·',
    `order_status` TINYINT DEFAULT 1 COMMENT 'зҠ¶жҖҒ: 1-еҫ…ж”Ҝд»ҳ, 2-еҫ…жү“еҚ°, 3-еҫ…й…ҚйҖҒ, 4-е·Іе®ҢжҲҗ, 0-е·ІеҸ–ж¶Ҳ',
    `create_time` DATETIME DEFAULT CURRENT_TIMESTAMP COMMENT 'дёӢеҚ•ж—¶й—ҙ',
    `update_time` DATETIME DEFAULT CURRENT_TIMESTAMP ON UPDATE CURRENT_TIMESTAMP COMMENT 'жӣҙж–°ж—¶й—ҙ'
) ENGINE=InnoDB COMMENT='й”ҷйўҳжң¬зәёиҙЁжү“еҚ°и®ўеҚ•иЎЁ';

-- 13. VIPеҘ—йӨҗи®ўеҚ•иЎЁ
DROP TABLE IF EXISTS `vip_orders`;
CREATE TABLE `vip_orders` (
    `id` BIGINT AUTO_INCREMENT PRIMARY KEY COMMENT 'еҶ…йғЁи®°еҪ•ID',
    `order_no` VARCHAR(50) NOT NULL UNIQUE COMMENT 'еӨ–йғЁи®ўеҚ•зј–еҸ·(VODејҖеӨҙ)',
    `user_uid` BIGINT NOT NULL COMMENT 'иҙӯд№°з”ЁжҲ·е”ҜдёҖID(е…іиҒ” sys_accounts.uid)',
    `user_name` VARCHAR(50) NOT NULL COMMENT 'иҙӯд№°з”ЁжҲ·е§“еҗҚ(еҶ—дҪҷ)',
    `user_phone` VARCHAR(20) NOT NULL COMMENT 'иҒ”зі»з”өиҜқ',
    `package_type` VARCHAR(50) NOT NULL COMMENT 'еҘ—йӨҗзұ»еһӢ(VIPеҹәзЎҖзүҲ/SVIPдё“дёҡзүҲ)',
    `period` VARCHAR(50) NOT NULL COMMENT 'ж—¶й•ҝ(жңҲеҢ…/еӯЈеҢ…/е№ҙеҢ…)',
    `price` DECIMAL(10,2) NOT NULL COMMENT 'ж”Ҝд»ҳйҮ‘йўқ',
    `payment_status` TINYINT DEFAULT 0 COMMENT 'ж”Ҝд»ҳзҠ¶жҖҒ: 0-еҫ…ж”Ҝд»ҳ, 1-е·Іж”Ҝд»ҳ, 2-е·ІйҖҖж¬ҫ',
    `payment_method` VARCHAR(50) COMMENT 'ж”Ҝд»ҳж–№ејҸ(еҫ®дҝЎ/ж”Ҝд»ҳе®қ)',
    `source_type` VARCHAR(50) NOT NULL DEFAULT 'ONLINE_PURCHASE' COMMENT 'и®ўеҚ•жқҘжәҗ: ONLINE_PURCHASE-еңЁзәҝиҙӯд№°, SCHOOL_GIFT-ж Ўи®ҜйҖҡиө йҖҒ',
    `school_name` VARCHAR(100) COMMENT 'ејҖйҖҡеӯҰж Ў(й’ҲеҜ№ж Ўи®ҜйҖҡиө йҖҒ)',
    `create_time` DATETIME DEFAULT CURRENT_TIMESTAMP COMMENT 'дёӢеҚ•ж—¶й—ҙ',
    `update_time` DATETIME DEFAULT CURRENT_TIMESTAMP ON UPDATE CURRENT_TIMESTAMP COMMENT 'жӣҙж–°ж—¶й—ҙ'
) ENGINE=InnoDB COMMENT='VIP/SVIPиҙӯд№°и®ўеҚ•иЎЁ';

-- ---------------------------------------------------------
-- зі»з»ҹзӣ‘жҺ§ж—Ҙеҝ—жЁЎеқ—
-- ---------------------------------------------------------

-- 14. зі»з»ҹж“ҚдҪңж—Ҙеҝ—иЎЁ
DROP TABLE IF EXISTS `sys_logs`;
CREATE TABLE `sys_logs` (
    `id` BIGINT AUTO_INCREMENT PRIMARY KEY COMMENT 'ж—Ҙеҝ—ID',
    `uid` BIGINT COMMENT 'ж“ҚдҪңз”ЁжҲ·е”ҜдёҖж ҮиҜҶ(е…іиҒ” sys_accounts.uid)',
    `user_name` VARCHAR(50) COMMENT 'ж“ҚдҪңиҙҰеҸ·',
    `nick_name` VARCHAR(50) COMMENT 'ж“ҚдҪңдәәжҳөз§°(еҶ—дҪҷ)',
    `operation` VARCHAR(255) COMMENT 'ж“ҚдҪңеҠЁдҪңжҸҸиҝ°(еҰӮ: зҷ»еҪ•зі»з»ҹ, еҜјеҮәиҖғиҜ•ж•°жҚ®)',
    `method` VARCHAR(10) COMMENT 'иҜ·жұӮж–№жі•(GET/POST/PUT/DELETE)',
    `url` VARCHAR(255) COMMENT 'иҜ·жұӮжҺҘеҸЈи·Ҝеҫ„',
    `ip` VARCHAR(50) COMMENT 'ж“ҚдҪңжқҘжәҗIP',
    `location` VARCHAR(100) COMMENT 'IPеҪ’еұһең°и§Јжһҗ(еҶ—дҪҷ)',
    `status` INT COMMENT 'HTTPе“Қеә”зҠ¶жҖҒз Ғ(еҰӮ200, 500)',
    `create_time` DATETIME DEFAULT CURRENT_TIMESTAMP COMMENT 'ж“ҚдҪңж—¶й—ҙ'
) ENGINE=InnoDB COMMENT='зі»з»ҹж“ҚдҪңиЎҢдёәе®Ўи®Ўж—Ҙеҝ—иЎЁ';

-- ---------------------------------------------------------
-- жҸ’е…ҘжЁЎжӢҹж•°жҚ® (Mock Data)
-- ---------------------------------------------------------

-- 0. ж–°зүҲиҖғиҜ•йЎ№зӣ®дёҺзҸӯзә§зӨәдҫӢж•°жҚ®
INSERT INTO `exam_projects` (`id`, `name`, `create_time`, `update_time`) VALUES
('EP1700000000001', '2023-2024еӯҰе№ҙз¬¬дёҖеӯҰжңҹжңҹдёӯиҒ”иҖғ', '2023-11-01 10:00:00', '2023-11-01 10:00:00'),
('EP1700000000002', '2024е№ҙжҳҘеӯЈеӯҰжңҹж‘ёеә•иҖғиҜ•', '2024-03-01 09:00:00', '2024-03-01 09:00:00');

-- дҝ®еӨҚеҗҺзҡ„ exam_classes жҸ’е…ҘиҜӯеҸҘ
INSERT INTO `exam_classes` (`id`, `project_id`, `school_id`, `school`, `grade`, `class_name`, `create_time`, `update_time`) VALUES
('EC1700000000001', 'EP1700000000001', 'SCH001', 'з¬¬дёҖдёӯеӯҰ', 'й«ҳдёҖ', '1зҸӯ', '2023-11-01 10:30:00', '2023-11-01 10:30:00'),
('EC1700000000002', 'EP1700000000001', 'SCH001', 'з¬¬дёҖдёӯеӯҰ', 'й«ҳдёҖ', '2зҸӯ', '2023-11-01 10:35:00', '2023-11-01 10:35:00'),
('EC1700000000003', 'EP1700000000001', 'SCH011', 'з¬¬дәҢдёӯеӯҰ', 'й«ҳдёҖ', '1зҸӯ', '2023-11-01 10:40:00', '2023-11-01 10:40:00'),
('EC1700000000004', 'EP1700000000002', 'SCH012', 'е®һйӘҢдёӯеӯҰ', 'еҲқдёү', 'ејәеҢ–зҸӯ', '2024-03-01 09:30:00', '2024-03-01 09:30:00');
-- 1. зі»з»ҹи§’иүІиЎЁж•°жҚ®
INSERT INTO `sys_roles` (`id`, `role_name`, `role_code`, `description`, `status`) VALUES
(1, 'и¶…зә§з®ЎзҗҶе‘ҳ', 'super_admin', 'зі»з»ҹжңҖй«ҳжқғйҷҗ', 1),
(2, 'еҗҺеҸ°з®ЎзҗҶ', 'admin', 'ж—ҘеёёеҗҺеҸ°иҝҗиҗҘз®ЎзҗҶ', 1),
(3, 'е®¶й•ҝ', 'parent', 'е°ҸзЁӢеәҸз«Ҝе®¶й•ҝз”ЁжҲ·', 1);

-- 2. з»ҹдёҖиҙҰеҸ·иЎЁж•°жҚ® (еҜҶз Ғй»ҳи®Өи®ҫдёә123456)
INSERT INTO `sys_accounts` (`uid`, `username`, `nickname`, `avatar`, `password`, `phone`, `email`, `role_id`, `is_vip`, `is_svip`, `online_status`, `is_bound_student`, `is_enabled`) VALUES
(1, 'admin', 'и¶…зә§з®ЎзҗҶе‘ҳ', 'https://img.yzcdn.cn/vant/cat.jpeg', '123456', '13800000000', 'admin@example.com', 1, NULL, NULL, 'offline', 0, 1),
(2, 'manager', 'иҝҗиҗҘдәәе‘ҳ', 'https://img.yzcdn.cn/vant/cat.jpeg', '123456', '13800000001', 'manager@example.com', 2, NULL, NULL, 'offline', 0, 1),
(3, 'parent01', 'еј дёүзҲёзҲё', 'https://img.yzcdn.cn/vant/cat.jpeg', '123456', '13800000002', 'parent01@example.com', 3, 1, 0, 'offline', 1, 1),
(4, 'parent02', 'жқҺеӣӣеҰҲеҰҲ', 'https://img.yzcdn.cn/vant/cat.jpeg', '123456', '13800000003', 'parent02@example.com', 3, 0, 0, 'offline', 1, 1),
(5, 'parent03', 'зҺӢдә”еҰҲеҰҲ', 'https://img.yzcdn.cn/vant/cat.jpeg', '123456', '13800000004', 'parent03@example.com', 3, 1, 1, 'offline', 1, 1),
(6, 'parent04', 'иөөе…ӯзҲёзҲё', 'https://img.yzcdn.cn/vant/cat.jpeg', '123456', '13800000005', 'parent04@example.com', 3, 0, 0, 'offline', 1, 1),
(7, 'manager02', 'иҙўеҠЎдәәе‘ҳ', 'https://img.yzcdn.cn/vant/cat.jpeg', '123456', '13800000006', 'finance@example.com', 2, NULL, NULL, 'offline', 0, 1),
(8, 'parent05', 'еӯҷдёғеҰҲеҰҲ', 'https://img.yzcdn.cn/vant/cat.jpeg', '123456', '13800000007', 'parent05@example.com', 3, 1, 0, 'offline', 1, 1),
(9, 'parent06', 'е‘Ёе…«зҲёзҲё', 'https://img.yzcdn.cn/vant/cat.jpeg', '123456', '13800000008', 'parent06@example.com', 3, 0, 0, 'offline', 1, 1),
(10, 'parent07', 'еҗҙд№қеҰҲеҰҲ', 'https://img.yzcdn.cn/vant/cat.jpeg', '123456', '13800000009', 'parent07@example.com', 3, 1, 1, 'offline', 1, 1);

-- 2.1 и§’иүІжқғйҷҗеҲқе§ӢеҢ–ж•°жҚ®
INSERT INTO `sys_role_menu` (`role_id`, `permission_code`) VALUES
(1, 'dashboard:analysis:view'),
(1, 'system:school:list'),
(1, 'system:school:add'),
(1, 'system:school:edit'),
(1, 'system:school:delete'),
(1, 'system:school:import'),
(1, 'system:class:list'),
(1, 'system:class:add'),
(1, 'system:class:batch-add'),
(1, 'system:class:edit'),
(1, 'system:class:delete'),
(1, 'system:class:import'),
(1, 'system:class:detail'),
(1, 'system:student:list'),
(1, 'system:student:add'),
(1, 'system:student:edit'),
(1, 'system:student:delete'),
(1, 'system:student:import'),
(1, 'system:student:bound-parents'),
(1, 'exam:project:list'),
(1, 'exam:project:options'),
(1, 'exam:project:add'),
(1, 'exam:project:edit'),
(1, 'exam:project:delete'),
(1, 'exam:project:detail'),
(1, 'exam:project:students'),
(1, 'exam:project:score-summary'),
(1, 'exam:project:score-list'),
(1, 'exam:project:score-template'),
(1, 'exam:project:score-import'),
(1, 'exam:project:score-save'),
(1, 'exam:project:paper-import'),
(1, 'exam:project:paper-upload'),
(1, 'exam:class:list'),
(1, 'exam:class:add'),
(1, 'exam:class:edit'),
(1, 'exam:class:delete'),
(1, 'order:vip:list'),
(1, 'order:course:list'),
(1, 'order:print:list'),
(1, 'order:print:detail'),
(1, 'order:print:status'),
(1, 'course:manage:list'),
(1, 'course:manage:add'),
(1, 'course:manage:edit'),
(1, 'course:manage:delete'),
(1, 'course:manage:status'),
(1, 'paper:manage:list'),
(1, 'paper:manage:save'),
(1, 'paper:manage:delete'),
(1, 'paper:manage:upload'),
(1, 'paper:subject:list'),
(1, 'paper:subject:save'),
(1, 'paper:subject:delete'),
(1, 'payment:vip:list'),
(1, 'payment:vip:edit'),
(1, 'payment:print:list'),
(1, 'payment:print:edit'),
(1, 'support:faq:list'),
(1, 'support:faq:add'),
(1, 'support:faq:edit'),
(1, 'support:faq:delete'),
(1, 'support:faq-category:list'),
(1, 'support:faq-category:add'),
(1, 'support:faq-category:edit'),
(1, 'support:faq-category:delete'),
(1, 'support:wechat:list'),
(1, 'support:wechat:upload'),
(1, 'support:wechat:add'),
(1, 'support:wechat:edit'),
(1, 'support:wechat:delete'),
(1, 'system:user:list'),
(1, 'system:user:add'),
(1, 'system:user:edit'),
(1, 'system:user:delete'),
(1, 'system:user:import'),
(1, 'system:user:template'),
(1, 'system:role:list'),
(1, 'system:role:save'),
(1, 'system:role:update'),
(1, 'system:role:delete'),
(1, 'system:permission:list'),
(1, 'system:permission:edit'),
(1, 'system:permission:options'),
(1, 'system:log:list'),
(1, 'system:log:delete'),
(1, 'system:notification:list'),
(1, 'system:notification:save'),
(1, 'system:notification:delete'),
(2, 'dashboard:analysis:view'),
(2, 'system:school:list'),
(2, 'system:school:add'),
(2, 'system:school:edit'),
(2, 'system:school:delete'),
(2, 'system:school:import'),
(2, 'system:class:list'),
(2, 'system:class:add'),
(2, 'system:class:batch-add'),
(2, 'system:class:edit'),
(2, 'system:class:delete'),
(2, 'system:class:import'),
(2, 'system:class:detail'),
(2, 'system:student:list'),
(2, 'system:student:add'),
(2, 'system:student:edit'),
(2, 'system:student:delete'),
(2, 'system:student:import'),
(2, 'system:student:bound-parents'),
(2, 'exam:project:list'),
(2, 'exam:project:options'),
(2, 'exam:project:add'),
(2, 'exam:project:edit'),
(2, 'exam:project:delete'),
(2, 'exam:project:detail'),
(2, 'exam:project:students'),
(2, 'exam:project:score-summary'),
(2, 'exam:project:score-list'),
(2, 'exam:project:score-template'),
(2, 'exam:project:score-import'),
(2, 'exam:project:score-save'),
(2, 'exam:project:paper-import'),
(2, 'exam:project:paper-upload'),
(2, 'exam:class:list'),
(2, 'exam:class:add'),
(2, 'exam:class:edit'),
(2, 'exam:class:delete'),
(2, 'order:vip:list'),
(2, 'order:course:list'),
(2, 'order:print:list'),
(2, 'order:print:detail'),
(2, 'order:print:status'),
(2, 'course:manage:list'),
(2, 'course:manage:add'),
(2, 'course:manage:edit'),
(2, 'course:manage:delete'),
(2, 'course:manage:status'),
(2, 'paper:manage:list'),
(2, 'paper:manage:save'),
(2, 'paper:manage:delete'),
(2, 'paper:manage:upload'),
(2, 'paper:subject:list'),
(2, 'paper:subject:save'),
(2, 'paper:subject:delete'),
(2, 'payment:vip:list'),
(2, 'payment:vip:edit'),
(2, 'payment:print:list'),
(2, 'payment:print:edit'),
(2, 'support:faq:list'),
(2, 'support:faq:add'),
(2, 'support:faq:edit'),
(2, 'support:faq:delete'),
(2, 'support:faq-category:list'),
(2, 'support:faq-category:add'),
(2, 'support:faq-category:edit'),
(2, 'support:faq-category:delete'),
(2, 'support:wechat:list'),
(2, 'support:wechat:upload'),
(2, 'support:wechat:add'),
(2, 'support:wechat:edit'),
(2, 'support:wechat:delete'),
(2, 'system:user:list'),
(2, 'system:user:add'),
(2, 'system:user:edit'),
(2, 'system:user:delete'),
(2, 'system:user:import'),
(2, 'system:user:template'),
(2, 'system:role:list'),
(2, 'system:role:save'),
(2, 'system:role:update'),
(2, 'system:role:delete'),
(2, 'system:permission:list'),
(2, 'system:permission:edit'),
(2, 'system:permission:options'),
(2, 'system:log:list'),
(2, 'system:log:delete'),
(2, 'system:notification:list'),
(2, 'system:notification:save'),
(2, 'system:notification:delete');

-- 3. еӯҰж Ўз»“жһ„иЎЁж•°жҚ®
INSERT INTO `schools` (`school_id`, `province`, `city`, `name`, `type`, `status`) VALUES
('SCH001', 'е№ҝдёңзңҒ', 'е№ҝе·һеёӮ', 'з¬¬дёҖдёӯеӯҰ', 'school', 1),
('SCH002', 'е№ҝдёңзңҒ', 'ж·ұеңіеёӮ', 'е®һйӘҢе°ҸеӯҰ', 'school', 1),
('SCH003', 'е№ҝдёңзңҒ', 'дёңиҺһеёӮ', 'иӮІжүҚдёӯеӯҰ', 'school', 1),
('SCH004', 'жөҷжұҹзңҒ', 'жқӯе·һеёӮ', 'жқӯе·һй«ҳзә§дёӯеӯҰ', 'school', 1),
('SCH005', 'жұҹиӢҸзңҒ', 'еҚ—дә¬еёӮ', 'еҚ—дә¬еӨ–еӣҪиҜӯеӯҰж Ў', 'school', 1),
('SCH006', 'еҢ—дә¬еёӮ', 'еҢ—дә¬еёӮ', 'еҢ—дә¬еӣӣдёӯ', 'school', 1),
('SCH007', 'дёҠжө·еёӮ', 'дёҠжө·еёӮ', 'дёҠжө·е»әе№ідёӯеӯҰ', 'school', 1),
('SCH008', 'ж№–еҢ—зңҒ', 'жӯҰжұүеёӮ', 'жӯҰжұүеӨ–еӣҪиҜӯеӯҰж Ў', 'school', 1),
('SCH009', 'еӣӣе·қзңҒ', 'жҲҗйғҪеёӮ', 'жҲҗйғҪдёғдёӯ', 'school', 1),
('SCH010', 'е№ҝдёңзңҒ', 'е№ҝе·һеёӮ', 'жү§дҝЎдёӯеӯҰ', 'school', 1);

INSERT INTO `sys_vip_config_schools` (`vip_id`, `school_id`) VALUES
(1, 'SCH001'),
(1, 'SCH002'),
(1, 'SCH004'),
(2, 'SCH001'),
(2, 'SCH006');

-- 3.1 е…ЁеұҖзҸӯзә§иЎЁж•°жҚ®
INSERT INTO `sys_classes` (`classid`, `school_id`, `grade`, `alias`) VALUES
('CLS001', 'SCH001', 'еҲқдёҖ', '1зҸӯ'),
('CLS002', 'SCH002', 'е…ӯе№ҙзә§', '2зҸӯ'),
('CLS003', 'SCH003', 'й«ҳдёҖ', '3зҸӯ'),
('CLS004', 'SCH004', 'й«ҳдәҢ', 'зҗҶз§‘зҸӯ'),
('CLS005', 'SCH005', 'еҲқдёү', 'иӢұиҜӯејәеҢ–зҸӯ'),
('CLS006', 'SCH006', 'еҲқдёҖ', '2зҸӯ'),
('CLS007', 'SCH007', 'й«ҳдёҖ', '1зҸӯ'),
('CLS008', 'SCH008', 'еҲқдәҢ', '3зҸӯ'),
('CLS009', 'SCH001', 'еҲқдёү', '1зҸӯ'),
('CLS010', 'SCH002', 'еӣӣе№ҙзә§', '1зҸӯ');

-- 4. еӯҰз”ҹжЎЈжЎҲиЎЁж•°жҚ®
INSERT INTO `students` (`id`, `student_no`, `name`, `school_id`, `class_id`, `school`, `grade`, `class_name`, `bound_count`) VALUES
('STU001', '20230001', 'еј дёү', 'SCH001', 'CLS001', 'з¬¬дёҖдёӯеӯҰ', 'еҲқдёҖ', '1зҸӯ', 2),
('STU002', '20230002', 'жқҺеӣӣ', 'SCH002', 'CLS002', 'е®һйӘҢе°ҸеӯҰ', 'е…ӯе№ҙзә§', '2зҸӯ', 1),
('STU003', '20230003', 'зҺӢдә”', 'SCH003', 'CLS003', 'иӮІжүҚдёӯеӯҰ', 'й«ҳдёҖ', '3зҸӯ', 1),
('STU004', '20230004', 'иөөе…ӯ', 'SCH004', 'CLS004', 'жқӯе·һй«ҳзә§дёӯеӯҰ', 'й«ҳдәҢ', 'зҗҶз§‘зҸӯ', 1),
('STU005', '20230005', 'еӯҷдёғ', 'SCH005', 'CLS005', 'еҚ—дә¬еӨ–еӣҪиҜӯеӯҰж Ў', 'еҲқдёү', 'иӢұиҜӯејәеҢ–зҸӯ', 1),
('STU006', '20230006', 'е‘Ёе…«', 'SCH006', 'CLS006', 'еҢ—дә¬еӣӣдёӯ', 'еҲқдёҖ', '2зҸӯ', 1),
('STU007', '20230007', 'еҗҙд№қ', 'SCH007', 'CLS007', 'дёҠжө·е»әе№ідёӯеӯҰ', 'й«ҳдёҖ', '1зҸӯ', 1),
('STU008', '20230008', 'йғ‘еҚҒ', 'SCH008', 'CLS008', 'жӯҰжұүеӨ–еӣҪиҜӯеӯҰж Ў', 'еҲқдәҢ', '3зҸӯ', 0),
('STU009', '20230009', 'еј е°Ҹдёү', 'SCH001', 'CLS009', 'з¬¬дёҖдёӯеӯҰ', 'еҲқдёү', '1зҸӯ', 1),
('STU010', '20230010', 'жқҺе°Ҹеӣӣ', 'SCH002', 'CLS010', 'е®һйӘҢе°ҸеӯҰ', 'еӣӣе№ҙзә§', '1зҸӯ', 1);

-- 4.1 еӯҰз”ҹ-е®¶й•ҝз»‘е®ҡиЎЁж•°жҚ® (дҪ“зҺ°ж–°и§„еҲҷпјҡдёҖдёӘе®¶й•ҝиҙҰеҸ·еҸӘиғҪз»‘е®ҡдёҖдёӘеӯҰз”ҹпјҢдҪҶдёҖдёӘеӯҰз”ҹеҸҜд»Ҙиў«еӨҡдёӘе®¶й•ҝз»‘е®ҡ)
INSERT INTO `student_parent_bindings` (`student_id`, `parent_uid`, `binding_type`) VALUES
('STU001', 3, 'parent'), -- еј дёүзҲёзҲёз»‘е®ҡеј дёү
('STU001', 4, 'parent'), -- жқҺеӣӣеҰҲеҰҲз»‘е®ҡеј дёү (е…ұеҗҢзӣ‘жҠӨ)
('STU009', 5, 'parent'), -- зҺӢдә”еҰҲеҰҲз»‘е®ҡеј е°Ҹдёү
('STU002', 6, 'parent'), -- иөөе…ӯзҲёзҲёз»‘е®ҡжқҺеӣӣ
('STU003', 8, 'parent'), -- еӯҷдёғеҰҲеҰҲз»‘е®ҡзҺӢдә”
('STU004', 9, 'parent'), -- е‘Ёе…«зҲёзҲёз»‘е®ҡиөөе…ӯ
('STU005', 10, 'parent'); -- еҗҙд№қеҰҲеҰҲз»‘е®ҡеӯҷдёғ

-- 5. иҖғиҜ•дҝЎжҒҜдёҺжҲҗз»©иЎЁж•°жҚ®
INSERT INTO `exams` (`id`, `name`, `school`, `grade`, `class_name`, `exam_date`, `status`, `success_count`, `fail_count`) VALUES
('EXAM001', '2023-2024еӯҰе№ҙз¬¬дёҖеӯҰжңҹжңҹдёӯиҖғиҜ•', 'з¬¬дёҖдёӯеӯҰ', 'еҲқдёҖ', '1зҸӯ', '2023-11-10', 'е·Іи§Јжһҗ', 45, 0),
('EXAM002', '2023-2024еӯҰе№ҙз¬¬дёҖеӯҰжңҹжңҹжң«иҖғиҜ•', 'е®һйӘҢе°ҸеӯҰ', 'е…ӯе№ҙзә§', '2зҸӯ', '2024-01-15', 'е·Іи§Јжһҗ', 40, 2),
('EXAM003', '2024е№ҙжҳҘеӯЈжңҲиҖғдёҖ', 'иӮІжүҚдёӯеӯҰ', 'й«ҳдёҖ', '3зҸӯ', '2024-03-20', 'и§Јжһҗдёӯ', 0, 0),
('EXAM004', '2024е№ҙдёӯиҖғдёҖжЁЎ', 'з¬¬дёҖдёӯеӯҰ', 'еҲқдёү', 'е…Ёзә§', '2024-04-10', 'еҫ…и§Јжһҗ', 0, 0),
('EXAM005', '2024е№ҙжҳҘеӯЈжңҲиҖғдәҢ', 'еҢ—дә¬еӣӣдёӯ', 'еҲқдёҖ', '2зҸӯ', '2024-04-15', 'е·Іи§Јжһҗ', 50, 0);

-- 6. жҲҗз»©дёҺй”ҷйўҳжҳҺз»ҶиЎЁж•°жҚ®
INSERT INTO `exam_results` (`exam_id`, `student_no`, `student_name`, `school`, `grade`, `class_name`, `total_score`, `question_scores`) VALUES
('EXAM001', '20230001', 'еј дёү', 'з¬¬дёҖдёӯеӯҰ', 'еҲқдёҖ', '1зҸӯ', 95.5, '{"q1": 5, "q2": 10, "q3": 0}'),
('EXAM002', '20230002', 'жқҺеӣӣ', 'е®һйӘҢе°ҸеӯҰ', 'е…ӯе№ҙзә§', '2зҸӯ', 88.0, '{"q1": 5, "q2": 5, "q3": 5}'),
('EXAM001', '20230005', 'еӯҷдёғ', 'еҚ—дә¬еӨ–еӣҪиҜӯеӯҰж Ў', 'еҲқдёү', 'иӢұиҜӯејәеҢ–зҸӯ', 76.5, '{"q1": 5, "q2": 0, "q3": 5}'),
('EXAM002', '20230004', 'иөөе…ӯ', 'жқӯе·һй«ҳзә§дёӯеӯҰ', 'й«ҳдәҢ', 'зҗҶз§‘зҸӯ', 92.0, '{"q1": 10, "q2": 10, "q3": 5}'),
('EXAM005', '20230006', 'е‘Ёе…«', 'еҢ—дә¬еӣӣдёӯ', 'еҲқдёҖ', '2зҸӯ', 98.0, '{"q1": 10, "q2": 10, "q3": 10}'),
('EXAM001', '20230009', 'еј е°Ҹдёү', 'з¬¬дёҖдёӯеӯҰ', 'еҲқдёү', '1зҸӯ', 85.0, '{"q1": 5, "q2": 5, "q3": 5}');

-- 7. иҜҫзЁӢиө„жәҗиЎЁж•°жҚ®
INSERT INTO `courses` (`id`, `title`, `cover`, `video_url`, `content`, `type`, `subject`, `grade`, `status`, `price`, `is_svip_only`, `author`, `buy_count`, `episodes`, `is_recommend`) VALUES
('CRS001', 'еҲқдёӯж•°еӯҰеҹәзЎҖе·©еӣә', 'https://example.com/cover1.jpg', 'https://example.com/video1.mp4', '<p>иҝҷжҳҜеҲқдёӯж•°еӯҰеҹәзЎҖе·©еӣәиҜҫзЁӢзҡ„иҜҰз»Ҷд»Ӣз»Қ...</p>', 'general', NULL, NULL, 1, 0.00, 0, 'ж•ҷз ”з»„', 1200, 24, 1),
('CRS002', 'дёӯиҖғзү©зҗҶеҶІеҲәзҸӯ', 'https://example.com/cover2.jpg', 'https://example.com/video2.mp4', '<p>иҝҷжҳҜдёӯиҖғзү©зҗҶеҶІеҲәеҶІеҲәзҸӯзҡ„иҜҰз»Ҷд»Ӣз»Қ...</p>', 'general', NULL, NULL, 1, 99.00, 1, 'еј иҖҒеёҲ', 850, 12, 1),
('CRS003', 'е°ҸеӯҰиӢұиҜӯеҗҜи’ҷиҜҫ', 'https://example.com/cover3.jpg', 'https://example.com/video3.mp4', '<p>иӢұиҜӯеҗҜи’ҷ...</p>', 'general', NULL, NULL, 1, 0.00, 0, 'Emma', 3000, 30, 0),
('CRS004', 'й«ҳдёӯеҢ–еӯҰйҡҫзӮ№и§Јжһҗ', 'https://example.com/cover4.jpg', 'https://example.com/video4.mp4', '<p>еҢ–еӯҰйҡҫзӮ№...</p>', 'general', NULL, NULL, 1, 199.00, 1, 'жқҺеҚҡеЈ«', 420, 15, 0),
('CRS005', 'еҲқдёӯз”ҹзү©е®һйӘҢи§Ҷйў‘', 'https://example.com/cover5.jpg', 'https://example.com/video5.mp4', '<p>з”ҹзү©е®һйӘҢ...</p>', 'general', NULL, NULL, 1, 0.00, 0, 'зҺӢиҖҒеёҲ', 1500, 10, 0),
('CRS006', 'е…¬зӣҠиҜҫзЁӢпјҡи¶Је‘іж•°еӯҰ', 'https://example.com/cover6.jpg', 'https://example.com/video6.mp4', '<p>и¶Је‘іж•°еӯҰе…¬зӣҠи®Іеә§...</p>', 'general', 'ж•°еӯҰ', 'е…Ёзә§', 1, 0.00, 0, 'йҷҲж•ҷжҺҲ', 5000, 1, 0),
('CRS007', 'е…¬зӣҠиҜҫзЁӢпјҡж–ҮеӯҰйүҙиөҸ', 'https://example.com/cover7.jpg', 'https://example.com/video7.mp4', '<p>з»Ҹе…ёж–ҮеӯҰеҗҚи‘—йүҙиөҸе…¬зӣҠиҜҫ...</p>', 'general', 'иҜӯж–Ү', 'е…Ёзә§', 1, 0.00, 0, 'жһ—еҚҡеЈ«', 2800, 5, 0),
('SYNC001', 'дёғе№ҙзә§дёҠеҶҢж•°еӯҰеҗҢжӯҘ', 'https://example.com/sync1.jpg', 'https://example.com/video3.mp4', '<p>дёғе№ҙзә§ж•°еӯҰеҗҢжӯҘи®Іи§Ј...</p>', 'sync', 'ж•°еӯҰ', 'дёғе№ҙзә§', 1, 0.00, 0, 'еј иҖҒеёҲ', 12000, 48, 1),
('SYNC002', 'е…«е№ҙзә§дёӢеҶҢзү©зҗҶеҗҢжӯҘ', 'https://example.com/sync2.jpg', 'https://example.com/video_sync2.mp4', '<p>е…«е№ҙзә§зү©зҗҶеҗҢжӯҘиҫ…еҜј...</p>', 'sync', 'зү©зҗҶ', 'е…«е№ҙзә§', 1, 0.00, 0, 'зҺӢиҖҒеёҲ', 8000, 36, 0),
('SYNC003', 'д№қе№ҙзә§иӢұиҜӯдёӯиҖғжҖ»еӨҚд№ ', 'https://example.com/sync3.jpg', 'https://example.com/video_sync3.mp4', '<p>дёӯиҖғиӢұиҜӯйҮҚзӮ№йҡҫзӮ№зӘҒз ҙ...</p>', 'sync', 'иӢұиҜӯ', 'д№қе№ҙзә§', 1, 0.00, 0, 'Sarah', 15000, 60, 0),
('SYNC004', 'е°ҸеӯҰдә”е№ҙзә§иҜӯж–ҮеҗҢжӯҘ', 'https://example.com/sync4.jpg', 'https://example.com/video_sync4.mp4', '<p>е°ҸеӯҰиҜӯж–Үйҳ…иҜ»дёҺеҶҷдҪң...</p>', 'sync', 'иҜӯж–Ү', 'дә”е№ҙзә§', 1, 0.00, 0, 'жһ—иҖҒеёҲ', 5000, 40, 0),
('SYNC005', 'й«ҳдёҖж•°еӯҰеҝ…дҝ®дёҖзІҫе“ҒиҜҫ', 'https://example.com/sync5.jpg', 'https://example.com/video_sync5.mp4', '<p>й«ҳдёӯж•°еӯҰиЎ”жҺҘдёҺжҸҗй«ҳ...</p>', 'sync', 'ж•°еӯҰ', 'й«ҳдёҖ', 1, 0.00, 0, 'йҷҲж•ҷжҺҲ', 9000, 52, 0),
('FAM001', 'еҰӮдҪ•дёҺйқ’жҳҘжңҹеӯ©еӯҗжІҹйҖҡ', 'https://example.com/fam1.jpg', 'https://example.com/video4.mp4', '<p>е®¶еәӯж•ҷиӮІи®Іеә§...</p>', 'family', NULL, NULL, 1, 0.00, 0, 'еҝғиҝһеҝғе·ҘдҪңе®Ө', 6000, 8, 1),
('FAM002', 'иҖғеүҚе®¶й•ҝеҝғзҗҶз–ҸеҜјжҢҮеҚ—', 'https://example.com/fam2.jpg', 'https://example.com/video_fam2.mp4', '<p>еҰӮдҪ•йҷӘдјҙеӯ©еӯҗеәҰиҝҮеӨҮиҖғжңҹ...</p>', 'family', NULL, NULL, 1, 0.00, 0, 'еҝғзҗҶдё“е®¶жқҺиҖҒеёҲ', 4500, 5, 0),
('FAM003', 'е°ҸеӯҰз”ҹиЎҢдёәд№ жғҜе…»жҲҗж–№жЎҲ', 'https://example.com/fam3.jpg', 'https://example.com/video_fam3.mp4', '<p>д»Һе°Ҹеҹ№е…»иүҜеҘҪзҡ„еӯҰд№ д№ жғҜ...</p>', 'family', NULL, NULL, 1, 0.00, 0, 'иө„ж·ұж•ҷиӮІиҖ…еј иҖҒеёҲ', 3200, 12, 0),
('SVIP001', 'SVIP зү№жқғиҜҫзЁӢпјҡеҘҘж•°жҖқз»ҙзӘҒз ҙ', 'https://example.com/svip1.jpg', 'https://example.com/video_svip1.mp4', '<p>й«ҳзә§еҘҘж•°и§ЈйўҳжҠҖе·§...</p>', 'general', 'ж•°еӯҰ', 'еҲқдёӯ', 1, 0.00, 1, 'йҮ‘зүҢж•ҷз»ғ', 150, 20, 0),
('SVIP002', 'SVIP зү№жқғиҜҫзЁӢпјҡиӢұиҜӯеҸЈиҜӯеӨ§еёҲиҜҫ', 'https://example.com/svip2.jpg', 'https://example.com/video_svip2.mp4', '<p>еӨ–ж•ҷжҜҚиҜӯзә§еҸЈиҜӯи®ӯз»ғ...</p>', 'general', 'иӢұиҜӯ', 'е…Ёзә§', 1, 0.00, 1, 'Steven', 300, 10, 0),
('SVIP003', 'SVIP зү№жқғиҜҫзЁӢпјҡзү©зҗҶз«һиөӣеҹ№дјҳ', 'https://example.com/svip3.jpg', 'https://example.com/video_svip3.mp4', '<p>е…ЁеӣҪзү©зҗҶз«һиөӣйҮҚйҡҫзӮ№и§Јжһҗ...</p>', 'general', 'зү©зҗҶ', 'й«ҳдёӯ', 1, 0.00, 1, 'зү©зҗҶзү№зә§ж•ҷеёҲ', 100, 15, 0),
('SVIP004', 'SVIP зү№жқғиҜҫзЁӢпјҡиҖғз ”ж•°еӯҰжҸҗеҲҶиҗҘ', 'https://example.com/svip4.jpg', 'https://example.com/video_svip4.mp4', '<p>иҖғз ”ж•°еӯҰж ёеҝғиҖғзӮ№дёІи®І...</p>', 'general', 'ж•°еӯҰ', 'иҖғз ”', 1, 0.00, 1, 'ж•°еӯҰеҗҚеёҲ', 80, 45, 0),
('TALK001', 'жё…еҚҺеӯҰйңёеҲҶдә«пјҡжҲ‘зҡ„й«ҳж•ҲеӯҰд№ жі•', 'https://example.com/talk1.jpg', 'https://example.com/video_talk1.mp4', '<p>еҰӮдҪ•еҲ¶е®ҡи®ЎеҲ’пјҢеҰӮдҪ•дҝқжҢҒдё“жіЁ...</p>', 'talk', NULL, NULL, 1, 0.00, 0, 'еј еӯҰйңё', 15000, 1, 1),
('TALK002', 'еҢ—еӨ§жүҚеҘіи°ҲпјҡиҜӯж–Үйҳ…иҜ»зҗҶи§ЈжҸҗеҲҶз§ҳзұҚ', 'https://example.com/talk2.jpg', 'https://example.com/video_talk2.mp4', '<p>йҳ…иҜ»зҗҶи§ЈдёҚдёўеҲҶзҡ„жҠҖе·§еҲҶдә«...</p>', 'talk', NULL, NULL, 1, 9.90, 0, 'жқҺеӯҰйңё', 8000, 3, 0),
('TALK003', 'дёӯиҖғзҠ¶е…ғпјҡзү©зҗҶиҖғеүҚеҶІеҲәеҝғжҖҒи°ғиҠӮ', 'https://example.com/talk3.jpg', 'https://example.com/video_talk3.mp4', '<p>иҖғеүҚеҰӮдҪ•и°ғж•ҙеҝғжҖҒпјҢеҸ‘жҢҘи¶…еёё...</p>', 'talk', NULL, NULL, 1, 0.00, 1, 'зҺӢеӯҰйңё', 5000, 1, 0),
('TALK004', 'еӯҰйңёз¬”и®°еұ•зӨәпјҡж•°еӯҰй”ҷйўҳжң¬жҖҺд№ҲеҒҡ', 'https://example.com/talk4.jpg', 'https://example.com/video_talk4.mp4', '<p>жүӢжҠҠжүӢж•ҷдҪ ж•ҙзҗҶжңҖй«ҳж•Ҳзҡ„й”ҷйўҳжң¬...</p>', 'talk', NULL, NULL, 1, 0.00, 0, 'еҲҳеӯҰйңё', 12000, 2, 0),
('TALK005', 'иӢұиҜӯеӨ§зҘһпјҡеҰӮдҪ•еңЁдёҖдёӘжңҲеҶ…иҜҚжұҮйҮҸзҝ»еҖҚ', 'https://example.com/talk5.jpg', 'https://example.com/video_talk5.mp4', '<p>з§‘еӯҰиғҢеҚ•иҜҚжі•пјҢе‘ҠеҲ«жӯ»и®°зЎ¬иғҢ...</p>', 'talk', NULL, NULL, 1, 19.90, 0, 'йҷҲеӯҰйңё', 6500, 5, 0),
('TALK006', 'жөҷеӨ§еӯҰйңёпјҡзҗҶз»ји§ЈйўҳеҘ—и·ҜеӨ§е…¬ејҖ', 'https://example.com/talk6.jpg', 'https://example.com/video_talk6.mp4', '<p>зү©зҗҶеҢ–еӯҰз”ҹзү©иҒ”еҠЁзҡ„и§ЈйўҳжҖқи·Ҝ...</p>', 'talk', NULL, NULL, 1, 0.00, 1, 'иөөеӯҰйңё', 4000, 10, 0);

-- 8. AI иҮӘд№ е®ӨжҠҘеҗҚиЎЁж•°жҚ®
INSERT INTO `study_room_enrollments` (`id`, `parent_name`, `student_name`, `phone`, `status`, `apply_time`) VALUES
('ENR001', 'еј дёүзҲёзҲё', 'еј дёү', '13800000002', 'confirmed', '2023-10-01 10:00:00'),
('ENR002', 'зҺӢдә”еҰҲеҰҲ', 'зҺӢе°Ҹдә”', '13800000004', 'pending', '2023-10-02 11:30:00'),
('ENR003', 'иөөе…ӯзҲёзҲё', 'иөөе°Ҹе…ӯ', '13800000005', 'rejected', '2023-10-03 09:15:00'),
('ENR004', 'еҗҙд№қеҰҲеҰҲ', 'еҗҙд№қ', '13800000009', 'confirmed', '2024-04-01 14:00:00');

-- 9. FAQ еҲҶзұ»иЎЁж•°жҚ®
INSERT INTO `faq_categories` (`id`, `name`, `sort`, `status`) VALUES
(1, 'жіЁеҶҢз»‘е®ҡ', 1, 1),
(2, 'жҲҗз»©жҹҘиҜў', 2, 1),
(3, 'VIPжңҚеҠЎ', 3, 1),
(4, 'иҜҫзЁӢжҠҘеҗҚ', 4, 1),
(5, 'жҠҖжңҜж”ҜжҢҒ', 5, 1);

-- 10. еёёи§Ғй—®йўҳ FAQ иЎЁж•°жҚ®
INSERT INTO `faqs` (`id`, `category_name`, `category_id`, `question`, `answer`, `status`) VALUES
('FAQ001', 'жіЁеҶҢз»‘е®ҡ', 1, 'еҰӮдҪ•з»‘е®ҡеӯҰз”ҹпјҹ', 'еңЁе°ҸзЁӢеәҸвҖңжҲ‘зҡ„вҖқйЎөйқўпјҢзӮ№еҮ»вҖңз»‘е®ҡеӯҰз”ҹвҖқпјҢиҫ“е…ҘеӯҰеҸ·е’Ңе§“еҗҚеҚіеҸҜе®ҢжҲҗз»‘е®ҡгҖӮ', 1),
('FAQ002', 'жҲҗз»©жҹҘиҜў', 2, 'й”ҷйўҳжң¬жҖҺд№Ҳжү“еҚ°пјҹ', 'иҝӣе…Ҙй”ҷйўҳжң¬йЎөйқўпјҢйҖүжӢ©йңҖиҰҒжү“еҚ°зҡ„йўҳзӣ®пјҢзӮ№еҮ»вҖңз”ҹжҲҗжү“еҚ°PDFвҖқпјҢз„¶еҗҺеҸҜд»ҘйҖүжӢ©дә‘жү“еҚ°жңҚеҠЎгҖӮ', 1),
('FAQ003', 'VIPжңҚеҠЎ', 3, 'VIPе’ҢSVIPжңүд»Җд№ҲеҢәеҲ«пјҹ', 'VIPеҸҜжҹҘзңӢиҜҰз»ҶжҲҗз»©еҲҶжһҗдёҺеҹәзЎҖй”ҷйўҳжң¬пјӣSVIPдә«жңүйўқеӨ–зү№жқғпјҢеҢ…жӢ¬AIдё“еұһиҜҫзЁӢгҖҒжҷәиғҪиҮӘд№ е®Өд»ҘеҸҠдёӘжҖ§еҢ–еӯҰд№ и®ЎеҲ’з”ҹжҲҗгҖӮ', 1),
('FAQ004', 'иҙҰеҸ·й—®йўҳ', 1, 'еҝҳи®°еҜҶз ҒжҖҺд№ҲеҠһпјҹ', 'еңЁзҷ»еҪ•йЎөйқўзӮ№еҮ»вҖңеҝҳи®°еҜҶз ҒвҖқпјҢйҖҡиҝҮз»‘е®ҡзҡ„жүӢжңәеҸ·йӘҢиҜҒеҗҺеҚіеҸҜйҮҚзҪ®гҖӮ', 1),
('FAQ005', 'жҠҖжңҜж”ҜжҢҒ', 5, 'APPй—ӘйҖҖжҖҺд№ҲеҠһпјҹ', 'иҜ·е°қиҜ•жё…зҗҶзј“еӯҳжҲ–жӣҙж–°еҲ°жңҖж–°зүҲжң¬гҖӮеҰӮжһңй—®йўҳдҫқж—§пјҢиҜ·иҒ”зі»е®ўжңҚгҖӮ', 1);

-- 11. дјҒдёҡеҫ®дҝЎе®ўжңҚй…ҚзҪ®иЎЁж•°жҚ®
INSERT INTO `wechat_configs` (`group_name`, `corp_id`, `customer_service_url`, `status`, `display_location`) VALUES
('йҰ–йЎөдјҒеҫ®е®ўжңҚ', 'ww1234567890abcdef', 'https://work.weixin.qq.com/kfid/kfc1234567890abcdef', 1, 'HOME_BANNER'),
('её®еҠ©дёӯеҝғдјҒеҫ®е®ўжңҚ', 'ww1234567890abcdef', 'https://work.weixin.qq.com/kfid/kfcabcdef1234567890', 1, 'HELP_SERVICE'),
('еӨҮз”ЁдјҒеҫ®е®ўжңҚ', 'wwfedcba0987654321', 'https://work.weixin.qq.com/kfid/kfc0987654321fedcba', 0, 'NONE');

-- 12. й”ҷйўҳжү“еҚ°и®ўеҚ•иЎЁж•°жҚ®
INSERT INTO `print_orders` (`order_no`, `user_name`, `user_phone`, `document_name`, `pages`, `print_type`, `delivery_method`, `total_price`, `order_status`) VALUES
('POD202310010001', 'еј дёүзҲёзҲё', '13800000002', 'еј дёүж•°еӯҰй”ҷйўҳжң¬_10жңҲ', 15, 'й»‘зҷҪеҸҢйқў', 'еҝ«йҖ’й…ҚйҖҒ', 12.50, 4),
('POD202310050002', 'жқҺеӣӣеҰҲеҰҲ', '13800000003', 'жқҺеӣӣиӢұиҜӯеӨҚд№ иө„ж–ҷ', 30, 'еҪ©иүІеҚ•йқў', 'й—Ёеә—иҮӘжҸҗ', 45.00, 1),
('POD202311020003', 'зҺӢдә”еҰҲеҰҲ', '13800000004', 'зҺӢдә”зү©зҗҶй”ҷйўҳйӣҶ', 10, 'й»‘зҷҪеҚ•йқў', 'еҝ«йҖ’й…ҚйҖҒ', 8.00, 2),
('POD202404010004', 'еҗҙд№қеҰҲеҰҲ', '13800000009', 'еҗҙд№қеҢ–еӯҰйҮҚзӮ№', 20, 'еҪ©иүІеҸҢйқў', 'ж ҮеҮҶеҝ«йҖ’', 30.00, 1);

-- 13. VIPеҘ—йӨҗи®ўеҚ•иЎЁж•°жҚ®
INSERT INTO `vip_orders` (`order_no`, `user_uid`, `user_name`, `user_phone`, `package_type`, `period`, `price`, `payment_status`, `payment_method`, `source_type`, `school_name`) VALUES
('VOD202309010001', 3, 'еј дёүзҲёзҲё', '13800000002', 'SVIPдё“дёҡзүҲ', 'е№ҙеҢ…', 365.00, 1, 'еҫ®дҝЎж”Ҝд»ҳ', 'ONLINE_PURCHASE', 'з¬¬дёҖдёӯеӯҰ'),
('VOD202309150002', 4, 'жқҺеӣӣеҰҲеҰҲ', '13800000003', 'VIPеҹәзЎҖзүҲ', 'еӯЈеҢ…', 99.00, 1, 'ж”Ҝд»ҳе®қ', 'ONLINE_PURCHASE', 'з¬¬дёҖдёӯеӯҰ'),
('VOD202310010003', 5, 'зҺӢдә”еҰҲеҰҲ', '13800000004', 'SVIPдё“дёҡзүҲ', 'жңҲеҢ…', 39.00, 1, 'еҫ®дҝЎж”Ҝд»ҳ', 'SCHOOL_GIFT', 'з¬¬дәҢдёӯеӯҰ'),
('VOD202404010004', 10, 'еҗҙд№қеҰҲеҰҲ', '13800000009', 'SVIPдё“дёҡзүҲ', 'е№ҙеҢ…', 365.00, 1, 'еҫ®дҝЎж”Ҝд»ҳ', 'ONLINE_PURCHASE', 'е®һйӘҢдёӯеӯҰ');

-- 14. зі»з»ҹж“ҚдҪңж—Ҙеҝ—иЎЁж•°жҚ®
INSERT INTO `sys_logs` (`uid`, `user_name`, `nick_name`, `operation`, `method`, `url`, `ip`, `location`, `status`) VALUES
(1, 'admin', 'и¶…зә§з®ЎзҗҶе‘ҳ', 'зҷ»еҪ•зі»з»ҹ', 'POST', '/api/auth/login/password', '192.168.1.100', 'еұҖеҹҹзҪ‘', 200),
(2, 'manager', 'иҝҗиҗҘдәәе‘ҳ', 'жҹҘиҜўеӯҰз”ҹеҲ—иЎЁ', 'GET', '/api/students/list', '192.168.1.101', 'еұҖеҹҹзҪ‘', 200),
(1, 'admin', 'и¶…зә§з®ЎзҗҶе‘ҳ', 'ж–°еўһеӯҰж Ў', 'POST', '/api/school/add', '192.168.1.100', 'еұҖеҹҹзҪ‘', 200),
(3, 'parent01', 'еј дёүзҲёзҲё', 'жҹҘзңӢй”ҷйўҳ', 'GET', '/api/exams/mistakes', '10.0.0.1', 'еӨ–зҪ‘', 200),
(10, 'parent07', 'еҗҙд№қеҰҲеҰҲ', 'жҠҘеҗҚиҮӘд№ е®Ө', 'POST', '/api/study-room/enroll', '172.16.0.1', 'еӨ–зҪ‘', 200);

-- 11. иҜ•еҚ·з§‘зӣ®иЎЁ
CREATE TABLE IF NOT EXISTS `paper_subjects` (
    `id` BIGINT AUTO_INCREMENT PRIMARY KEY,
    `name` VARCHAR(50) NOT NULL UNIQUE,
    `icon` VARCHAR(50),
    `color` VARCHAR(20),
    `sort_order` INT DEFAULT 0
) ENGINE=InnoDB DEFAULT CHARSET=utf8mb4;

-- 12. иҜ•еҚ·ж•°жҚ®иЎЁ
CREATE TABLE IF NOT EXISTS `exam_papers` (
    `id` BIGINT AUTO_INCREMENT PRIMARY KEY,
    `title` VARCHAR(200) NOT NULL,
    `subject` VARCHAR(50),
    `grade` VARCHAR(50),
    `year` VARCHAR(10),
    `type` VARCHAR(20),
    `tags` VARCHAR(200),
    `download_count` INT DEFAULT 0,
    `file_path` VARCHAR(500),
    `is_recommend` BIT(1) DEFAULT b'0',
    `sort_order` INT DEFAULT 1,
    `create_time` DATETIME DEFAULT CURRENT_TIMESTAMP,
    `update_time` DATETIME DEFAULT CURRENT_TIMESTAMP ON UPDATE CURRENT_TIMESTAMP
) ENGINE=InnoDB DEFAULT CHARSET=utf8mb4;

-- 13. еҲқе§ӢеҢ–з§‘зӣ®ж•°жҚ®
INSERT IGNORE INTO `paper_subjects` (`name`, `icon`, `color`, `sort_order`) VALUES
('иҜӯж–Ү', 'read', '#ff5252', 1),
('ж•°еӯҰ', 'chart', '#4caf50', 2),
('иӢұиҜӯ', 'edit', '#2196f3', 3),
('зү©зҗҶ', 'setting', '#00bcd4', 4),
('еҢ–еӯҰ', 'filter', '#ff9800', 5),
('з”ҹзү©', 'share', '#3f51b5', 6),
('еҺҶеҸІ', 'clock', '#795548', 7),
('ж”ҝжІ»', 'notification', '#e91e63', 8),
('ең°зҗҶ', 'location', '#009688', 9);

-- 15. иҜҫзЁӢиҙӯд№°и®ўеҚ•иЎЁ
CREATE TABLE IF NOT EXISTS `course_orders` (
    `id` BIGINT AUTO_INCREMENT PRIMARY KEY,
    `order_no` VARCHAR(50) NOT NULL UNIQUE,
    `user_uid` BIGINT NOT NULL,
    `course_id` VARCHAR(50) NOT NULL,
    `price` DECIMAL(10, 2) NOT NULL,
    `payment_status` INT DEFAULT 0, -- 0-еҫ…ж”Ҝд»ҳ, 1-е·Іж”Ҝд»ҳ
    `payment_method` VARCHAR(50),
    `create_time` DATETIME DEFAULT CURRENT_TIMESTAMP,
    `update_time` DATETIME DEFAULT CURRENT_TIMESTAMP ON UPDATE CURRENT_TIMESTAMP,
    INDEX `idx_user_course` (`user_uid`, `course_id`)
) ENGINE=InnoDB DEFAULT CHARSET=utf8mb4;

-- 16. еҲқе§ӢеҢ–иҜҫзЁӢж•°жҚ® (д»…дҝқз•ҷз»“жһ„пјҢдёҚдҪҝз”ЁеӨ–йғЁй“ҫжҺҘ)
INSERT IGNORE INTO `courses` (`id`, `title`, `type`, `status`, `is_recommend`, `price`) VALUES
('CRS001', 'еҲқдёӯж•°еӯҰеҹәзЎҖе·©еӣә', 'general', 1, 1, 0.00),
('CRS002', 'дёӯиҖғзү©зҗҶеҶІеҲәзҸӯ', 'general', 1, 1, 99.00),
('CRS003', 'е°ҸеӯҰиӢұиҜӯеҗҜи’ҷиҜҫ', 'general', 1, 0, 0.00);

-- 17. зі»з»ҹйҖҡзҹҘиЎЁ
DROP TABLE IF EXISTS `sys_notifications`;
CREATE TABLE `sys_notifications` (
    `id` BIGINT AUTO_INCREMENT PRIMARY KEY COMMENT 'йҖҡзҹҘID',
    `title` VARCHAR(200) NOT NULL COMMENT 'йҖҡзҹҘж Үйўҳ',
    `content` TEXT NOT NULL COMMENT 'йҖҡзҹҘеҶ…е®№',
    `category` VARCHAR(50) DEFAULT 'system' COMMENT 'йҖҡзҹҘеҲҶзұ» (system, score, course, vip, etc.)',
    `level` VARCHAR(20) DEFAULT 'info' COMMENT 'йҖҡзҹҘзә§еҲ« (info, warning, success, error)',
    `target_type` TINYINT DEFAULT 0 COMMENT 'еҸ‘йҖҒзӣ®ж Үзұ»еһӢ: 0-е…ЁйғЁз”ЁжҲ·, 1-жҢҮе®ҡз”ЁжҲ·',
    `target_uid` BIGINT DEFAULT NULL COMMENT 'жҢҮе®ҡжҺҘж”¶з”ЁжҲ·UID',
    `action_text` VARCHAR(50) COMMENT 'и·іиҪ¬жҢүй’®ж–Үеӯ—',
    `action_path` VARCHAR(255) COMMENT 'и·іиҪ¬и·Ҝеҫ„',
    `is_published` TINYINT DEFAULT 1 COMMENT 'жҳҜеҗҰеҸ‘еёғ: 1-е·ІеҸ‘еёғ, 0-иҚүзЁҝ',
    `create_time` DATETIME DEFAULT CURRENT_TIMESTAMP COMMENT 'еҲӣе»әж—¶й—ҙ',
    `update_time` DATETIME DEFAULT CURRENT_TIMESTAMP ON UPDATE CURRENT_TIMESTAMP COMMENT 'жӣҙж–°ж—¶й—ҙ',
    INDEX `idx_target_uid` (`target_uid`)
) ENGINE=InnoDB COMMENT='зі»з»ҹйҖҡзҹҘе…¬е‘ҠиЎЁ';

-- 14. еҲқе§ӢеҢ–иҜ•еҚ·ж•°жҚ®
INSERT IGNORE INTO `exam_papers` (`title`, `subject`, `grade`, `year`, `type`, `tags`, `download_count`, `is_recommend`, `file_path`, `sort_order`) VALUES
('2023е№ҙжқӯе·һдәҢдёӯй«ҳдёүд»ҝзңҹжЁЎжӢҹеҚ· (дёҖ)', 'ж•°еӯҰ', 'й«ҳдёү', '2023', 'FAMOUS', 'еҗҚж Ў,йҮҚзӮ№,з»јеҗҲ,PDF', 1250, 1, '/uploads/papers/demo.pdf', 1),
('2024е№ҙеҢ—дә¬дәәеӨ§йҷ„дёӯеҲқдёүдәҢжЁЎзңҹйўҳ', 'иҜӯж–Ү', 'еҲқдёү', '2024', 'FAMOUS', 'зңҹйўҳ,еҝ…еҲ·,е…Ёз§‘,и§Јжһҗ', 3400, 0, '/uploads/papers/demo.pdf', 1),
('дёҠжө·дёӯеӯҰ2023-2024еӯҰе№ҙй«ҳдёҖжңҹжң«иҖғиҜ•еҚ·', 'ж•°еӯҰ', 'й«ҳдёҖ', '2024', 'FAMOUS', 'еҗҚж Ў,жңҹжң«,ж•°еӯҰ,зІҫе“Ғ', 890, 1, '/uploads/papers/demo.pdf', 1),
('2023е№ҙиҘҝе®үиҘҝе·ҘеӨ§йҷ„дёӯеҲқдёҖе…ҘеӯҰж‘ёеә•жөӢиҜ•', 'иҜӯж–Ү', 'еҲқдёҖ', '2023', 'FAMOUS', 'ж‘ёеә•,иҜӯж–Ү,PDFзүҲ', 2100, 0, '/uploads/papers/demo.pdf', 1),
('2024е№ҙжҲҗйғҪдёғдёӯй«ҳдәҢиҒ”иҖғзү©зҗҶеҺӢиҪҙеҚ·', 'зү©зҗҶ', 'й«ҳдәҢ', '2024', 'JOINT', 'иҒ”иҖғ,еҗҚж Ў,зү©зҗҶ,и§Јжһҗ', 1560, 1, '/uploads/papers/demo.pdf', 1);

SET FOREIGN_KEY_CHECKS = 1;
